#{"t_start": 1620623953.4428375, "env_id": "SuperMarioBros-1-1-v0"}
r,l,t
216.0,29,3.923166
808.0,106,6.211741
162.0,37,7.020049
589.0,76,8.715631
645.0,107,11.039554
239.0,23,11.513854
244.0,18,11.897341
1070.0,179,15.773213
628.0,110,18.125238
623.0,85,20.038481
667.0,87,21.873379
644.0,84,23.688212
645.0,100,26.088868
608.0,132,28.855741
833.0,185,32.851354
207.0,33,33.54284
667.0,109,35.935655
619.0,94,37.912138
231.0,28,38.496623
652.0,140,41.430046
667.0,133,44.339977
211.0,28,44.969849
753.0,162,48.480788
221.0,28,49.112408
253.0,19,49.517031
654.0,71,50.984244
640.0,65,52.346271
193.0,28,52.922288
226.0,40,53.756016
667.0,239,58.833321
834.0,302,65.336673
731.0,222,70.046577
150.0,48,71.053952
236.0,25,71.627466
609.0,107,74.004852
102.0,52,75.204627
238.0,26,75.919344
1080.0,439,86.156957
833.0,1003,112.254739
252.0,19,112.665327
204.0,34,113.395873
119.0,53,114.522643
235.0,33,115.239248
250.0,31,115.886696
209.0,32,116.626193
207.0,27,117.412597
229.0,24,118.100307
1081.0,989,140.499792
303.0,1003,161.98375
293.0,1010,184.036198
-33.0,1003,205.934195
179.0,1003,228.980885
651.0,110,233.906576
251.0,17,234.702735
843.0,113,239.732774
239.0,21,240.71512
240.0,22,241.590315
237.0,21,242.543377
239.0,20,243.35894
239.0,20,244.299436
242.0,20,245.071393
239.0,21,246.033869
239.0,20,246.967911
241.0,20,247.784285
238.0,20,248.724793
613.0,70,251.704243
238.0,21,252.66626
667.0,105,257.170049
239.0,21,258.118529
608.0,84,261.741559
648.0,167,269.094277
642.0,82,272.64718
652.0,47,274.695541
239.0,20,275.630659
232.0,23,276.626157
625.0,117,281.709777
244.0,17,282.430374
628.0,73,285.534153
239.0,20,286.472845
240.0,19,287.276228
649.0,59,289.932764
239.0,21,290.757056
239.0,20,291.697731
667.0,106,296.227089
241.0,21,297.169627
240.0,19,297.948588
632.0,95,302.302297
243.0,20,303.079122
221.0,24,304.109472
1351.0,226,314.032046
239.0,20,314.872831
239.0,20,315.813907
1082.0,125,321.207871
239.0,20,322.151831
239.0,21,322.977027
246.0,18,323.847186
638.0,52,326.014423
237.0,20,326.979839
243.0,20,327.769321
238.0,21,328.742683
231.0,22,329.714696
239.0,21,330.535068
1466.0,149,337.097617
249.0,18,337.831659
239.0,21,338.784606
239.0,21,339.616347
241.0,21,340.564491
242.0,19,341.36535
241.0,21,342.343202
239.0,20,343.218508
630.0,50,345.524173
239.0,21,346.369521
1079.0,177,354.551498
239.0,20,355.520469
241.0,21,356.501863
233.0,22,357.367986
242.0,20,358.323941
240.0,21,359.197047
239.0,21,360.182894
647.0,58,362.727052
239.0,20,363.676607
243.0,20,364.476981
237.0,21,365.469325
237.0,21,366.437244
239.0,20,367.266067
241.0,21,368.241498
239.0,20,369.051772
239.0,20,370.020794
243.0,20,370.854076
240.0,22,371.879599
233.0,22,372.874447
1081.0,164,381.787685
239.0,20,382.746066
239.0,20,383.636117
239.0,20,384.579836
240.0,22,385.485109
239.0,21,386.444998
239.0,20,387.47985
239.0,20,388.296108
794.0,190,396.745525
243.0,21,397.586029
239.0,20,398.558446
238.0,21,399.544327
1081.0,119,404.894886
645.0,61,407.707526
239.0,21,408.681934
239.0,21,409.544657
241.0,21,410.523166
239.0,20,411.343011
239.0,20,412.300154
240.0,21,413.279558
239.0,21,414.123339
240.0,23,415.162206
240.0,19,415.934145
239.0,20,416.917456
239.0,20,417.757218
793.0,141,424.058926
239.0,20,425.005349
620.0,95,429.109009
239.0,20,430.066601
616.0,74,433.283169
1082.0,152,440.317481
239.0,21,441.314393
243.0,20,442.371607
604.0,81,446.896413
240.0,21,447.874143
1080.0,68,451.166923
241.0,21,452.180859
1072.0,168,461.011057
777.0,109,466.236522
242.0,21,467.32688
762.0,128,475.604016
641.0,70,479.676211
621.0,57,482.764106
843.0,101,487.944826
239.0,20,488.876353
239.0,20,490.075954
240.0,21,491.296805
243.0,20,492.205378
239.0,21,493.307431
238.0,22,494.319
242.0,19,495.467026
241.0,21,496.551597
616.0,56,499.373839
231.0,22,500.489895
239.0,21,501.689196
251.0,20,502.609247
239.0,20,503.674573
638.0,53,506.236588
239.0,21,507.426389
250.0,17,508.336451
239.0,20,509.411321
610.0,90,514.015081
239.0,21,515.170092
246.0,19,516.065919
239.0,21,517.152522
239.0,20,518.087088
843.0,101,523.467661
239.0,20,524.657143
239.0,21,525.854065
604.0,86,530.289951
241.0,20,531.208525
239.0,20,532.302048
236.0,21,533.243365
223.0,25,534.466543
239.0,21,535.68719
240.0,21,536.785866
617.0,57,539.427931
232.0,23,540.496788
243.0,20,541.421093
239.0,20,542.543318
241.0,20,543.686265
243.0,20,545.070901
239.0,20,546.136027
648.0,94,551.518378
240.0,21,552.46568
243.0,20,553.52148
239.0,21,554.483972
239.0,21,555.342249
1079.0,117,560.755453
239.0,20,561.599822
240.0,19,562.537372
242.0,19,563.327352
667.0,79,567.638958
667.0,108,572.707028
239.0,20,573.829507
239.0,20,575.004114
239.0,21,576.099703
238.0,23,577.435613
242.0,19,578.499478
239.0,20,579.703004
647.0,54,582.887244
239.0,20,584.327927
239.0,20,586.057348
239.0,21,587.036102
240.0,21,588.219626
240.0,19,589.134708
235.0,24,590.519894
239.0,20,591.833616
623.0,55,594.62003
615.0,97,600.284449
771.0,108,606.455489
239.0,21,607.584855
239.0,20,608.604631
255.0,17,609.46684
243.0,20,610.652239
1081.0,125,617.624995
239.0,20,618.74055
239.0,20,620.154882
243.0,21,621.42472
237.0,21,622.706442
238.0,20,623.829633
227.0,23,625.302818
238.0,20,626.590517
239.0,21,627.699254
241.0,23,629.169268
239.0,21,630.702003
238.0,20,632.449538
239.0,20,634.25681
239.0,22,635.944842
228.0,22,637.408526
239.0,20,638.839194
241.0,23,640.297293
239.0,21,641.466174
239.0,21,642.779228
631.0,136,650.434922
239.0,20,651.532296
615.0,77,655.78906
230.0,23,657.002538
243.0,20,657.944526
240.0,23,659.252675
239.0,21,660.430806
239.0,20,661.445893
637.0,78,665.594871
241.0,21,666.643095
239.0,21,667.541353
619.0,114,673.191215
640.0,58,675.861544
243.0,20,676.694477
1353.0,219,687.153507
239.0,21,688.022231
251.0,17,688.939253
239.0,21,689.815946
239.0,21,690.852239
251.0,17,691.589274
247.0,18,692.531727
241.0,21,693.6368
762.0,134,700.094455
610.0,60,703.125214
243.0,20,704.197481
238.0,21,705.23426
237.0,21,706.387711
243.0,20,707.300413
239.0,20,708.402491
242.0,19,709.224293
1081.0,243,721.760743
239.0,20,722.645955
240.0,19,723.5222
240.0,22,724.609826
616.0,145,731.499162
1081.0,135,737.830265
634.0,200,747.390026
232.0,23,748.497133
237.0,20,749.538839
239.0,20,750.433741
239.0,21,751.557316
237.0,21,752.488204
238.0,20,753.700833
239.0,21,754.643055
239.0,21,755.797068
239.0,20,756.853815
239.0,21,757.913233
233.0,22,759.206882
240.0,22,760.510428
239.0,20,761.619123
648.0,52,764.721219
648.0,52,767.399899
667.0,116,773.506235
249.0,18,774.476737
239.0,21,775.61224
239.0,21,776.585354
258.0,18,777.446085
239.0,20,778.590632
1081.0,124,786.60029
239.0,20,787.996751
239.0,20,789.092985
627.0,95,794.293494
239.0,21,795.492622
1082.0,220,807.173996
239.0,20,808.349525
758.0,105,813.960517
1081.0,228,826.389497
647.0,77,830.438148
611.0,51,833.239068
843.0,159,841.9718
244.0,20,843.172458
646.0,150,851.761632
1081.0,203,862.658813
239.0,21,863.83529
242.0,19,864.842875
241.0,21,866.029901
239.0,21,867.02775
240.0,19,868.180837
247.0,17,869.05535
245.0,21,870.052613
243.0,20,871.203618
843.0,148,878.940441
242.0,20,880.071918
239.0,20,881.035188
238.0,21,882.219718
1071.0,146,890.221924
239.0,21,891.427696
239.0,20,892.409752
667.0,88,897.045692
239.0,21,898.219783
1072.0,96,903.596751
237.0,21,904.76281
239.0,21,905.747888
760.0,173,915.111259
235.0,21,916.340261
246.0,19,917.289285
1082.0,92,922.166651
238.0,21,923.395844
241.0,20,924.678413
241.0,21,925.784037
239.0,21,926.997835
627.0,63,930.412876
241.0,21,931.415291
1082.0,110,937.50622
239.0,20,938.654698
1354.0,136,946.144162
240.0,20,947.404855
239.0,21,948.68395
1081.0,224,961.951484
239.0,20,962.963405
239.0,20,964.140783
239.0,20,965.09729
606.0,58,968.215117
239.0,20,969.361321
793.0,608,1003.358553
239.0,20,1004.572358
239.0,21,1005.8553
238.0,20,1007.030672
239.0,20,1008.123299
239.0,20,1009.28048
241.0,21,1010.289507
239.0,21,1011.580863
648.0,56,1014.691656
243.0,20,1015.646104
241.0,20,1016.899638
239.0,20,1017.93002
815.0,101,1023.107474
239.0,21,1024.310229
636.0,59,1027.65727
667.0,119,1033.637607
239.0,20,1034.550719
249.0,18,1035.574494
239.0,21,1036.489283
239.0,21,1037.58482
239.0,21,1038.518322
239.0,20,1039.611344
249.0,18,1040.45044
667.0,78,1044.728694
239.0,20,1045.840261
241.0,20,1046.971272
239.0,21,1048.090595
239.0,21,1049.044211
239.0,20,1050.153827
239.0,21,1051.138188
610.0,135,1058.389025
239.0,20,1059.588338
243.0,20,1060.535834
814.0,157,1069.273079
240.0,20,1070.248024
255.0,17,1071.136474
243.0,20,1072.371192
239.0,20,1073.378008
609.0,118,1080.109567
239.0,20,1081.253001
241.0,21,1082.2274
246.0,19,1083.531425
239.0,20,1084.522509
245.0,18,1085.39772
614.0,106,1091.064438
639.0,68,1094.497612
243.0,20,1095.630162
241.0,20,1096.554692
248.0,17,1097.392243
239.0,20,1098.511311
634.0,89,1103.036824
242.0,20,1104.003383
255.0,17,1105.027258
239.0,20,1105.954971
239.0,20,1107.050123
1081.0,267,1120.791711
239.0,20,1121.734267
243.0,20,1122.837804
241.0,21,1123.992231
241.0,21,1125.082107
239.0,20,1126.248641
239.0,20,1127.207078
237.0,23,1128.419872
636.0,62,1131.646119
243.0,20,1132.567308
239.0,20,1133.688768
239.0,20,1134.621922
250.0,18,1135.679684
1079.0,232,1147.581845
236.0,22,1148.98103
239.0,20,1150.256153
667.0,101,1155.307345
646.0,91,1160.339276
239.0,20,1161.277762
239.0,20,1162.396973
230.0,22,1163.535983
239.0,20,1164.477869
241.0,19,1165.376312
248.0,19,1166.476368
1081.0,148,1174.046787
239.0,20,1175.172689
251.0,17,1176.061323
239.0,20,1177.001812
239.0,21,1178.166292
667.0,96,1183.12251
240.0,23,1184.379405
239.0,21,1185.612418
632.0,81,1189.785228
239.0,20,1190.744997
242.0,19,1191.825099
843.0,80,1195.966652
843.0,181,1205.348275
243.0,20,1206.595492
632.0,74,1210.521089
239.0,20,1211.493959
240.0,20,1212.694273
239.0,21,1213.881541
744.0,74,1217.696889
239.0,21,1218.72862
767.0,495,1245.138449
239.0,20,1246.353667
242.0,20,1247.300122
223.0,23,1248.613122
239.0,20,1249.778055
239.0,20,1250.71349
244.0,20,1251.863371
239.0,20,1252.840835
239.0,21,1254.018676
239.0,20,1254.975125
255.0,17,1255.850138
651.0,57,1259.008311
241.0,21,1259.981939
240.0,19,1261.119807
236.0,22,1262.118349
843.0,89,1266.777321
245.0,16,1267.610661
239.0,20,1268.770007
236.0,21,1269.93824
239.0,20,1270.9715
239.0,21,1272.35256
241.0,20,1273.428258
244.0,19,1274.640747
241.0,20,1276.020308
239.0,21,1277.517868
241.0,20,1278.757843
667.0,88,1284.271529
753.0,146,1291.951159
251.0,17,1293.064093
667.0,80,1298.348876
241.0,21,1299.711574
239.0,21,1301.11325
239.0,21,1302.162153
240.0,19,1303.350796
241.0,20,1304.388305
240.0,20,1305.699072
239.0,21,1306.68109
604.0,62,1310.040751
241.0,20,1311.222686
238.0,21,1312.194633
241.0,20,1313.369994
239.0,21,1314.331009
241.0,20,1315.55128
1352.0,122,1323.08442
241.0,20,1324.681145
243.0,20,1325.697938
239.0,22,1326.948163
238.0,21,1328.243787
241.0,20,1329.273806
241.0,20,1330.454571
238.0,22,1331.48868
239.0,20,1332.684936
241.0,20,1333.650386
239.0,21,1334.829703
241.0,20,1335.818133
843.0,87,1340.453438
241.0,21,1341.636761
240.0,21,1342.829081
239.0,20,1343.796088
748.0,215,1355.296641
667.0,79,1359.591958
239.0,21,1360.60483
244.0,20,1361.782685
608.0,61,1365.215819
247.0,17,1366.138237
241.0,20,1367.160625
241.0,20,1368.373753
242.0,19,1369.361626
237.0,20,1370.582189
238.0,22,1371.680249
843.0,215,1383.565369
1081.0,75,1387.816607
237.0,21,1388.829984
239.0,21,1390.073679
667.0,85,1394.746629
239.0,21,1395.982394
239.0,20,1397.221812
631.0,57,1400.258946
241.0,20,1401.258191
238.0,21,1402.455546
241.0,20,1403.44249
239.0,20,1404.918627
241.0,20,1406.531473
241.0,20,1408.142883
241.0,20,1409.366997
236.0,21,1410.805003
843.0,98,1416.401176
241.0,20,1417.647427
654.0,150,1425.810787
241.0,20,1427.053932
644.0,91,1432.053741
242.0,21,1433.313392
634.0,61,1436.955768
238.0,20,1438.082981
239.0,21,1439.491513
638.0,52,1442.352124
241.0,22,1443.614282
843.0,84,1448.176602
239.0,21,1449.418156
241.0,20,1450.656357
613.0,65,1454.278626
619.0,53,1457.16363
667.0,82,1462.384487
241.0,20,1463.462972
241.0,20,1464.870251
843.0,186,1475.881023
238.0,20,1476.858225
241.0,21,1478.108147
789.0,194,1488.858519
246.0,19,1490.074363
246.0,20,1491.056732
611.0,59,1494.231598
244.0,21,1495.481656
241.0,20,1496.710448
247.0,18,1497.670272
237.0,20,1498.665661
641.0,52,1501.697923
240.0,16,1502.593726
1614.0,131,1510.884818
241.0,20,1512.306046
249.0,19,1513.453041
245.0,15,1514.531441
242.0,19,1515.626007
241.0,20,1517.104592
243.0,16,1518.157341
245.0,15,1519.281291
632.0,52,1522.282917
1351.0,261,1537.914502
241.0,20,1538.923873
652.0,41,1541.23542
246.0,17,1542.416842
240.0,16,1543.320273
239.0,17,1544.239855
667.0,1003,1609.990268
242.0,19,1611.138634
625.0,134,1619.919842
1080.0,229,1635.371093
242.0,19,1636.651493
238.0,20,1638.125477
246.0,16,1639.086543
245.0,15,1640.006636
756.0,69,1644.026531
240.0,21,1645.417665
240.0,19,1646.481966
255.0,17,1647.479739
251.0,15,1648.403439
251.0,15,1649.354226
251.0,15,1650.288387
246.0,16,1651.27528
246.0,15,1652.239844
251.0,15,1653.252757
249.0,16,1654.299632
251.0,15,1655.274096
1370.0,240,1670.875799
247.0,15,1671.594425
242.0,19,1673.122858
245.0,15,1674.153987
245.0,15,1675.399187
241.0,20,1676.790009
245.0,15,1677.758422
251.0,15,1678.664277
241.0,16,1679.602794
251.0,15,1680.501102
251.0,15,1681.44061
245.0,15,1682.102937
245.0,15,1683.03122
246.0,16,1683.96572
248.0,16,1684.970509
245.0,15,1685.956435
245.0,15,1686.876065
245.0,15,1687.833309
245.0,15,1688.773833
1095.0,155,1698.554021
245.0,15,1699.536502
245.0,15,1700.535566
1456.0,199,1712.646045
251.0,15,1713.554616
242.0,16,1714.505867
251.0,16,1715.448211
251.0,15,1716.372251
247.0,17,1717.416061
245.0,15,1718.359159
246.0,16,1719.294906
243.0,16,1720.252958
245.0,15,1720.929698
651.0,50,1724.15809
251.0,15,1725.172052
242.0,18,1726.23772
246.0,15,1727.258789
246.0,15,1728.219241
1070.0,95,1733.695388
251.0,15,1734.627391
246.0,19,1735.924122
251.0,15,1736.868113
251.0,15,1737.524366
1072.0,107,1744.26204
247.0,16,1745.229921
237.0,18,1746.244224
241.0,20,1747.769106
245.0,15,1748.721569
245.0,15,1750.256017
245.0,15,1751.388376
251.0,15,1752.408648
243.0,16,1753.442103
245.0,16,1754.449518
843.0,159,1764.522245
251.0,15,1765.492472
251.0,15,1766.436944
1460.0,224,1781.49617
251.0,15,1782.447918
247.0,16,1783.474488
246.0,15,1784.207592
251.0,15,1785.295676
251.0,15,1786.294894
251.0,15,1787.411326
245.0,15,1788.49665
251.0,15,1789.577288
240.0,19,1790.743476
248.0,15,1791.827567
251.0,15,1792.829498
240.0,20,1794.377328
253.0,14,1795.761389
240.0,19,1797.243413
251.0,15,1798.038352
248.0,19,1799.814752
251.0,15,1801.069415
251.0,15,1802.279819
245.0,15,1803.401567
642.0,46,1807.217816
1095.0,75,1813.274956
240.0,17,1814.629233
240.0,17,1815.991281
251.0,15,1817.222232
251.0,15,1818.413724
251.0,15,1819.247533
251.0,15,1820.618179
667.0,69,1826.236165
246.0,15,1827.658218
635.0,89,1834.572793
250.0,16,1835.83606
243.0,18,1837.098794
243.0,16,1838.317886
242.0,16,1839.693294
251.0,15,1841.104759
251.0,15,1842.398967
251.0,15,1843.736175
240.0,19,1845.395781
605.0,75,1852.068631
250.0,17,1853.466667
237.0,20,1854.973159
638.0,79,1861.615963
843.0,74,1867.003211
843.0,120,1875.645572
251.0,15,1876.816315
251.0,15,1878.11346
1061.0,75,1884.091612
246.0,15,1885.366873
243.0,19,1887.155557
640.0,56,1891.664438
247.0,15,1892.955584
251.0,15,1893.790086
247.0,15,1895.040326
251.0,15,1896.306902
652.0,39,1899.465705
248.0,16,1900.753512
248.0,16,1902.030795
251.0,15,1903.29645
251.0,15,1904.543642
246.0,15,1905.797264
636.0,62,1911.042465
1364.0,351,1939.810196
246.0,15,1941.085424
1091.0,63,1946.367752
1071.0,86,1953.445133
251.0,15,1954.713344
251.0,15,1955.991011
251.0,15,1956.834304
241.0,20,1958.664012
251.0,15,1959.934689
843.0,87,1967.284912
248.0,15,1968.575686
251.0,15,1969.42714
251.0,15,1970.692085
843.0,74,1977.077638
251.0,15,1977.945555
249.0,16,1979.299694
619.0,38,1982.637911
1374.0,86,1989.795861
251.0,15,1991.068893
245.0,15,1992.341854
252.0,16,1993.656553
250.0,16,1994.988051
251.0,15,1996.283459
251.0,15,1997.117389
239.0,19,1998.941236
249.0,14,2000.185351
843.0,96,2008.19005
249.0,17,2009.529618
810.0,105,2018.512269
246.0,15,2019.783525
250.0,15,2021.092815
253.0,14,2021.927146
245.0,15,2023.214981
251.0,15,2024.513539
1173.0,63,2029.893043
251.0,15,2031.19379
239.0,18,2032.574667
251.0,15,2033.872981
248.0,16,2035.194958
251.0,15,2036.496285
843.0,73,2042.627927
644.0,45,2046.637585
239.0,19,2048.101007
251.0,15,2049.471772
251.0,15,2050.782158
1376.0,158,2064.204632
255.0,16,2065.5875
843.0,70,2071.463953
251.0,15,2072.739042
251.0,15,2074.023212
251.0,15,2075.311325
251.0,14,2076.586477
248.0,16,2077.90828
251.0,15,2078.743562
251.0,15,2080.024686
251.0,15,2081.300739
251.0,15,2082.569273
667.0,36,2085.831275
251.0,15,2086.74586
251.0,15,2088.077982
247.0,16,2089.480604
248.0,15,2090.78252
843.0,224,2109.378625
630.0,38,2112.603256
253.0,14,2113.857773
253.0,14,2114.680618
250.0,16,2115.990021
253.0,16,2117.304221
667.0,42,2121.094248
843.0,68,2126.486405
251.0,15,2127.795687
251.0,15,2129.098922
778.0,63,2134.424816
248.0,15,2135.739077
251.0,15,2137.047247
249.0,14,2137.935613
1462.0,96,2145.987135
629.0,62,2151.338073
843.0,83,2158.081078
251.0,15,2159.384011
1460.0,84,2166.672723
251.0,15,2167.974068
251.0,15,2169.287672
251.0,15,2170.147488
251.0,15,2171.466169
251.0,15,2172.748693
251.0,15,2174.036563
630.0,36,2177.290528
246.0,15,2178.16797
1096.0,57,2185.043104
248.0,15,2185.903175
843.0,108,2195.04968
249.0,15,2196.34836
253.0,14,2197.63578
633.0,36,2200.476424
652.0,40,2203.82376
248.0,16,2205.144688
1082.0,199,2222.091447
251.0,15,2223.412789
251.0,15,2224.768134
251.0,15,2226.08664
251.0,15,2226.947784
241.0,20,2228.854237
251.0,15,2230.16508
251.0,15,2231.456217
667.0,36,2234.328223
251.0,15,2235.629231
247.0,16,2236.975626
252.0,15,2238.306937
246.0,16,2239.640435
794.0,106,2248.577853
1459.0,90,2256.081772
246.0,15,2257.478501
1458.0,127,2268.849287
252.0,14,2270.208587
653.0,74,2280.707887
253.0,14,2283.612837
247.0,15,2286.976832
843.0,156,2306.422454
1454.0,94,2316.782526
247.0,15,2318.343501
1376.0,109,2328.222649
636.0,44,2331.757072
843.0,127,2343.272554
1376.0,496,2385.94794
256.0,14,2387.27411
253.0,14,2388.155861
253.0,14,2389.4766
251.0,14,2390.777728
252.0,14,2392.118629
254.0,16,2393.491277
252.0,15,2394.851197
252.0,15,2395.724149
253.0,14,2397.081351
253.0,14,2398.389561
253.0,14,2399.700655
253.0,14,2400.621835
1377.0,173,2415.891208
843.0,306,2442.505582
646.0,53,2448.375819
251.0,14,2449.859395
253.0,14,2450.931376
256.0,14,2452.450574
253.0,14,2453.949127
253.0,14,2455.411264
253.0,14,2456.371656
256.0,14,2457.763698
251.0,15,2459.266714
843.0,97,2469.31207
253.0,14,2471.353703
253.0,14,2472.872092
249.0,17,2474.495182
625.0,38,2478.334107
667.0,77,2485.364317
251.0,14,2486.780776
253.0,14,2488.218592
253.0,14,2489.120178
253.0,14,2490.525053
843.0,86,2498.602814
253.0,15,2500.045463
253.0,14,2501.496319
252.0,14,2502.37896
257.0,14,2503.89658
257.0,14,2505.68184
257.0,14,2507.127364
241.0,17,2508.747713
257.0,14,2509.765973
254.0,14,2511.209763
253.0,14,2512.74408
253.0,14,2514.211496
253.0,14,2515.147622
253.0,14,2516.574708
253.0,14,2518.009564
249.0,15,2519.461713
649.0,37,2522.631066
253.0,14,2524.082904
254.0,16,2525.620413
765.0,229,2552.445338
257.0,15,2554.177385
253.0,14,2555.270074
253.0,14,2556.989828
253.0,14,2558.737978
257.0,14,2560.432428
650.0,38,2564.159612
257.0,14,2565.887753
257.0,14,2567.507838
256.0,14,2569.25802
257.0,14,2570.373318
249.0,17,2572.919772
257.0,14,2574.058249
642.0,62,2581.363637
253.0,14,2582.995355
253.0,14,2584.677191
252.0,15,2585.72303
244.0,18,2587.881629
251.0,14,2588.882151
253.0,14,2590.408217
249.0,15,2592.217736
252.0,15,2594.660992
256.0,15,2597.097538
256.0,14,2599.464967
843.0,93,2612.556688
253.0,14,2614.60307
257.0,14,2616.741735
253.0,14,2618.000135
257.0,14,2620.137328
257.0,14,2622.097457
246.0,16,2624.294597
257.0,14,2626.343992
257.0,14,2627.754457
257.0,14,2629.765547
257.0,14,2631.841667
257.0,14,2633.814218
257.0,14,2635.190113
249.0,17,2638.058238
257.0,14,2639.357957
257.0,14,2641.399366
257.0,14,2643.406712
246.0,17,2645.653366
253.0,14,2648.006429
257.0,14,2649.447892
253.0,14,2651.839128
257.0,14,2654.254273
257.0,14,2656.716079
257.0,14,2658.201613
253.0,15,2660.658536
637.0,135,2681.916731
244.0,17,2684.494987
254.0,15,2686.935953
255.0,15,2689.34558
609.0,45,2696.730735
257.0,14,2698.221368
257.0,14,2700.659115
254.0,15,2703.151925
843.0,93,2718.141648
244.0,19,2720.758987
249.0,17,2723.348178
252.0,15,2726.177891
253.0,14,2728.695215
257.0,14,2731.081227
253.0,14,2732.613978
253.0,14,2735.081483
253.0,14,2737.677515
257.0,14,2740.136291
257.0,14,2741.765607
255.0,16,2744.341514
257.0,14,2746.897561
843.0,98,2762.68046
257.0,14,2765.072899
257.0,14,2767.616882
257.0,14,2769.930866
257.0,14,2771.531104
251.0,16,2773.972509
245.0,18,2777.470629
257.0,14,2779.173353
256.0,14,2781.542866
654.0,43,2788.06672
257.0,14,2790.41178
257.0,14,2792.896326
257.0,14,2795.319912
257.0,14,2796.870552
257.0,14,2799.351116
257.0,14,2801.710782
257.0,14,2804.171629
843.0,92,2818.956246
244.0,16,2821.56061
245.0,16,2824.143258
257.0,14,2826.605658
254.0,14,2829.104367
257.0,14,2830.619348
257.0,14,2833.111834
257.0,14,2835.497576
257.0,14,2838.144448
247.0,15,2840.726137
257.0,14,2842.291957
257.0,15,2844.883378
257.0,15,2847.388838
257.0,15,2849.914654
249.0,17,2852.513883
257.0,14,2854.948417
257.0,14,2857.426076
249.0,14,2858.973578
257.0,14,2861.407673
257.0,14,2863.816229
257.0,14,2866.358747
257.0,14,2867.959904
257.0,14,2870.458858
257.0,14,2872.963213
257.0,14,2875.392372
257.0,14,2877.048655
249.0,14,2879.57103
257.0,14,2882.196175
257.0,14,2884.659926
252.0,14,2886.415234
249.0,16,2889.25634
256.0,14,2891.661352
257.0,14,2894.180102
257.0,15,2896.724288
843.0,110,2914.602063
257.0,14,2919.122495
257.0,14,2921.495113
257.0,14,2923.980396
257.0,14,2925.472009
257.0,14,2928.135463
254.0,15,2930.631456
257.0,14,2933.064226
257.0,14,2935.757289
244.0,16,2938.288664
257.0,14,2939.878539
257.0,15,2942.409949
257.0,14,2944.918137
257.0,14,2947.407666
624.0,56,2956.470449
257.0,14,2958.024877
253.0,14,2960.551745
256.0,14,2962.999226
253.0,14,2965.526664
1377.0,116,2983.999927
257.0,14,2986.443877
257.0,14,2988.959938
256.0,14,2990.403174
254.0,14,2992.910255
257.0,14,2995.359305
257.0,14,2998.370466
252.0,15,3000.9598
257.0,14,3002.47893
257.0,14,3005.143322
651.0,49,3013.931949
245.0,15,3016.718969
257.0,14,3019.380507
257.0,14,3021.870903
257.0,14,3023.371989
252.0,15,3025.91695
257.0,14,3028.26092
257.0,14,3030.799954
625.0,54,3038.854974
255.0,14,3041.22833
253.0,14,3043.722332
252.0,16,3046.262908
246.0,18,3049.02497
254.0,14,3051.486435
252.0,15,3053.985229
257.0,14,3056.448836
257.0,14,3058.075454
244.0,16,3060.638019
257.0,14,3063.293117
257.0,14,3065.767433
257.0,14,3068.231031
257.0,14,3069.823332
256.0,15,3072.324702
255.0,14,3074.859408
843.0,92,3089.484901
257.0,14,3091.992796
257.0,15,3094.527774
257.0,14,3096.991435
257.0,14,3099.49459
257.0,14,3101.057642
257.0,14,3103.443274
257.0,14,3105.838481
254.0,16,3108.431093
257.0,14,3110.877547
257.0,14,3112.504637
253.0,14,3114.701067
257.0,14,3116.927221
251.0,14,3119.144229
655.0,41,3124.86064
257.0,14,3126.202209
257.0,14,3128.356999
257.0,14,3130.360552
627.0,69,3141.034764
252.0,15,3143.303596
843.0,96,3160.134405
257.0,14,3162.546445
257.0,14,3165.143465
642.0,105,3182.239041
257.0,14,3184.611359
257.0,14,3187.097882
253.0,14,3188.672954
257.0,14,3191.153413
257.0,14,3193.510068
247.0,15,3196.130069
257.0,14,3197.642512
257.0,14,3200.119554
257.0,14,3202.624622
257.0,14,3205.179283
257.0,14,3206.838342
256.0,15,3209.357975
843.0,125,3230.213625
257.0,14,3232.747049
245.0,16,3235.359396
257.0,14,3236.951234
257.0,14,3239.447838
647.0,46,3247.384524
257.0,14,3249.79501
256.0,15,3252.306328
257.0,14,3253.928136
1071.0,183,3285.645257
257.0,15,3288.251842
646.0,53,3297.409235
643.0,89,3311.953693
257.0,14,3314.430314
256.0,14,3315.948028
257.0,14,3318.362945
257.0,14,3320.678808
627.0,41,3327.101472
245.0,15,3329.526856
257.0,14,3331.96816
257.0,14,3333.481777
257.0,14,3335.951802
257.0,14,3338.079195
256.0,14,3340.471193
253.0,14,3342.016784
257.0,14,3344.49591
257.0,14,3346.962606
257.0,14,3349.253702
257.0,14,3350.822334
257.0,14,3353.249586
257.0,14,3355.734532
251.0,15,3358.192196
641.0,74,3370.058828
252.0,14,3372.559434
257.0,14,3374.091242
257.0,14,3376.539168
257.0,14,3378.965497
253.0,14,3381.485217
255.0,14,3383.076657
256.0,15,3385.60378
257.0,14,3388.07879
257.0,14,3390.421667
247.0,15,3393.027289
257.0,14,3394.648814
257.0,14,3397.157852
257.0,14,3399.587326
257.0,14,3402.080975
257.0,14,3403.627545
253.0,14,3406.232462
635.0,44,3413.97545
252.0,14,3415.793612
247.0,16,3418.420055
257.0,14,3420.957774
241.0,17,3423.600243
843.0,136,3445.760592
257.0,14,3448.23355
257.0,14,3450.644531
257.0,14,3453.069994
257.0,14,3454.795707
257.0,14,3457.222436
656.0,62,3467.546444
257.0,14,3469.938337
257.0,14,3471.547105
648.0,51,3480.239021
257.0,14,3481.811078
257.0,14,3484.34723
257.0,14,3486.814445
257.0,14,3489.317309
248.0,16,3491.97188
652.0,61,3501.202534
257.0,14,3503.65098
256.0,15,3506.124106
257.0,14,3508.569631
257.0,14,3510.118003
247.0,15,3512.745021
254.0,14,3515.236879
251.0,17,3517.929266
253.0,16,3520.476115
256.0,14,3522.907804
843.0,123,3542.313744
257.0,15,3544.885867
253.0,14,3547.37303
254.0,14,3549.918861
257.0,14,3551.489962
257.0,14,3554.137226
257.0,14,3556.555484
257.0,14,3559.092031
257.0,14,3560.732917
257.0,14,3563.339608
257.0,14,3565.877665
256.0,15,3568.325656
257.0,14,3570.606507
244.0,17,3573.142559
248.0,18,3575.802833
257.0,15,3578.31004
643.0,89,3591.519785
257.0,14,3593.403829
257.0,14,3594.635593
244.0,17,3597.33644
244.0,15,3598.640483
241.0,16,3600.643485
257.0,14,3602.528458
253.0,14,3604.457133
257.0,14,3606.394701
257.0,14,3607.639596
257.0,14,3609.487503
638.0,60,3618.462733
257.0,14,3619.674211
256.0,15,3621.650512
256.0,15,3623.62517
257.0,14,3625.83404
610.0,85,3636.673755
257.0,14,3637.85863
257.0,14,3639.68349
257.0,14,3641.563524
236.0,19,3643.860655
257.0,14,3645.784112
252.0,14,3647.437578
255.0,15,3649.166933
257.0,14,3650.21964
254.0,15,3652.731133
253.0,14,3655.094842
253.0,14,3657.337998
257.0,14,3658.704718
257.0,14,3660.691109
257.0,14,3663.426503
641.0,48,3668.775881
257.0,14,3670.444976
247.0,14,3671.514686
257.0,14,3673.484869
257.0,14,3675.156876
257.0,14,3676.76995
252.0,15,3678.438815
256.0,14,3679.487938
252.0,14,3681.130791
247.0,15,3682.831026
667.0,107,3697.06451
257.0,14,3699.188767
253.0,14,3701.444867
257.0,14,3703.545934
257.0,14,3704.918487
257.0,14,3706.929863
254.0,14,3709.196944
257.0,14,3711.196852
843.0,99,3727.162452
246.0,16,3729.441494
253.0,14,3731.478685
254.0,14,3732.809846
253.0,14,3734.873866
253.0,14,3736.958335
254.0,14,3739.094795
252.0,15,3741.245739
256.0,15,3742.689645
257.0,14,3744.826586
250.0,15,3747.033659
257.0,14,3749.172329
236.0,18,3751.576339
257.0,14,3753.847459
257.0,14,3755.909272
257.0,14,3757.34302
257.0,14,3759.580561
257.0,14,3761.764512
253.0,14,3763.915739
257.0,14,3765.322337
252.0,15,3767.633364
252.0,15,3769.832624
253.0,14,3772.043349
257.0,14,3774.217431
257.0,14,3775.605174
257.0,14,3777.714447
250.0,16,3779.945384
258.0,16,3782.235372
257.0,14,3784.347427
252.0,14,3786.53036
257.0,14,3787.936677
244.0,18,3791.114229
255.0,14,3792.485274
257.0,14,3794.694479
254.0,14,3796.822681
257.0,14,3799.005428
249.0,15,3800.421571
257.0,14,3802.600249
238.0,16,3804.85723
257.0,14,3807.157574
252.0,14,3808.954295
252.0,15,3810.898469
247.0,18,3813.216285
252.0,14,3815.552714
257.0,14,3816.835619
642.0,76,3829.465335
253.0,14,3832.063164
257.0,14,3833.600173
256.0,15,3836.105303
257.0,14,3838.532255
645.0,47,3846.552414
257.0,15,3849.083246
252.0,15,3851.564218
1073.0,85,3865.155091
247.0,15,3867.856048
257.0,14,3870.361198
250.0,15,3872.976332
257.0,15,3875.611197
257.0,14,3877.184069
253.0,14,3879.797965
257.0,14,3882.27051
254.0,15,3884.958257
652.0,38,3890.932234
257.0,14,3893.54797
257.0,14,3896.119956
252.0,15,3898.699019
257.0,15,3901.34089
257.0,14,3902.972336
257.0,14,3905.634274
257.0,14,3908.20396
257.0,14,3910.739111
257.0,14,3912.339087
249.0,16,3915.045243
257.0,14,3917.591993
256.0,14,3920.144356
253.0,14,3922.760125
257.0,14,3924.578905
242.0,16,3927.633156
257.0,14,3930.474933
252.0,14,3933.401341
252.0,15,3936.106143
257.0,14,3938.540333
257.0,14,3940.08504
248.0,17,3942.831955
257.0,14,3945.269229
256.0,15,3947.96524
257.0,14,3950.450853
254.0,14,3953.013807
254.0,15,3954.597881
801.0,131,3976.585901
256.0,14,3979.156166
253.0,14,3980.782015
254.0,14,3983.371137
250.0,17,3986.081715
257.0,15,3988.549972
257.0,14,3991.009983
257.0,14,3993.512072
257.0,14,3995.09675
257.0,14,3997.594073
247.0,14,4000.093079
253.0,14,4002.618155
257.0,14,4004.178915
245.0,16,4006.847708
254.0,14,4009.441833
249.0,15,4012.043052
257.0,14,4014.434123
843.0,176,4044.998643
257.0,15,4047.542672
257.0,14,4049.205646
252.0,15,4051.637545
257.0,14,4054.074814
257.0,14,4056.520707
1082.0,131,4078.015946
257.0,14,4080.574934
257.0,14,4083.211521
257.0,14,4084.834911
256.0,15,4087.440613
257.0,14,4089.960604
257.0,14,4092.658767
257.0,14,4094.281823
252.0,14,4096.917521
252.0,14,4099.496839
642.0,45,4107.540614
257.0,14,4109.121725
257.0,14,4112.045842
257.0,14,4114.71247
243.0,16,4117.340508
252.0,15,4119.996272
257.0,14,4121.626016
257.0,14,4124.234629
257.0,14,4126.801827
256.0,15,4129.556739
253.0,15,4132.240581
254.0,15,4134.780354
257.0,14,4136.429377
257.0,14,4138.952543
1377.0,146,4163.453769
640.0,46,4171.979733
257.0,14,4174.52942
257.0,14,4177.049338
647.0,44,4184.101414
257.0,14,4186.684404
642.0,46,4194.805446
257.0,14,4196.440161
247.0,15,4199.068304
253.0,14,4201.615621
257.0,14,4204.297457
257.0,14,4205.973254
252.0,14,4208.727098
257.0,14,4211.34248
257.0,14,4213.901219
257.0,14,4215.523194
257.0,14,4218.143628
257.0,15,4220.815363
249.0,14,4223.724585
257.0,14,4226.685622
256.0,14,4228.466313
254.0,15,4231.257294
257.0,14,4234.0393
257.0,14,4236.679278
650.0,132,4261.337486
239.0,16,4264.436218
256.0,14,4267.386129
257.0,14,4270.327149
257.0,14,4272.300215
650.0,36,4280.196242
257.0,14,4283.154194
257.0,14,4285.092521
245.0,16,4288.116333
254.0,15,4291.319065
246.0,15,4294.438062
257.0,14,4297.517083
257.0,14,4300.374454
247.0,15,4303.45997
646.0,40,4311.359114
257.0,14,4313.24429
257.0,14,4316.266171
843.0,135,4343.793171
244.0,18,4347.008999
257.0,14,4350.083886
257.0,14,4353.254868
257.0,14,4355.135117
257.0,14,4358.385074
645.0,45,4367.925936
257.0,14,4371.113915
257.0,14,4373.081893
257.0,14,4376.098238
253.0,14,4379.21407
257.0,14,4382.393251
257.0,14,4384.444082
257.0,14,4387.522794
843.0,81,4403.820667
253.0,14,4406.840892
244.0,17,4409.921117
257.0,14,4412.850849
257.0,14,4415.782755
257.0,14,4417.603909
254.0,15,4420.615738
237.0,19,4424.95483
254.0,15,4427.002901
639.0,73,4442.471944
257.0,14,4444.341733
254.0,14,4447.424903
257.0,14,4450.471668
257.0,14,4453.426974
245.0,15,4455.466633
250.0,15,4458.454674
257.0,14,4461.506875
640.0,44,4470.383739
253.0,14,4472.251854
257.0,14,4475.050862
253.0,14,4477.920573
843.0,102,4496.22067
257.0,14,4497.884999
257.0,14,4500.2902
253.0,17,4503.110496
257.0,14,4506.046685
257.0,14,4508.88154
257.0,14,4510.651996
244.0,17,4514.936018
247.0,17,4518.298468
257.0,14,4520.477655
254.0,14,4523.374598
257.0,14,4526.536558
256.0,15,4529.349574
257.0,14,4531.970022
651.0,40,4538.948524
257.0,14,4540.583535
245.0,17,4543.393946
255.0,15,4546.041438
1073.0,90,4562.595743
257.0,14,4564.310639
1377.0,130,4587.994485
646.0,41,4595.090345
252.0,15,4598.021796
257.0,14,4599.655353
254.0,15,4602.352291
256.0,15,4605.1353
253.0,14,4608.361707
257.0,14,4610.726904
257.0,14,4612.09651
257.0,14,4614.346505
257.0,14,4616.485352
650.0,44,4623.191682
257.0,14,4625.333323
252.0,15,4627.696682
252.0,14,4629.999845
255.0,14,4631.74315
257.0,14,4633.985299
257.0,14,4636.247324
257.0,14,4638.411899
257.0,14,4639.822219
647.0,43,4646.577491
257.0,14,4648.846576
257.0,14,4650.125251
255.0,14,4652.370673
257.0,14,4654.471325
257.0,14,4656.701731
256.0,15,4658.115268
257.0,14,4660.275694
257.0,14,4662.494336
252.0,14,4664.697623
253.0,14,4666.115606
256.0,15,4668.395426
257.0,14,4670.690118
652.0,40,4676.467161
257.0,14,4678.592565
257.0,14,4680.625454
255.0,14,4682.176411
257.0,14,4684.30658
256.0,15,4686.632609
257.0,14,4688.77529
257.0,14,4690.191197
257.0,14,4692.351325
257.0,14,4694.606324
257.0,14,4696.784091
257.0,14,4698.191156
257.0,14,4700.478403
257.0,14,4702.605319
257.0,14,4705.282605
252.0,15,4707.946704
256.0,15,4709.65872
257.0,14,4712.241369
257.0,14,4714.51579
257.0,14,4716.785501
257.0,15,4719.030169
250.0,16,4721.379761
252.0,14,4722.7584
655.0,58,4732.049083
252.0,15,4733.503596
257.0,14,4735.784832
251.0,14,4738.343857
249.0,14,4741.179539
257.0,14,4742.62884
646.0,44,4749.52793
254.0,14,4751.788861
244.0,15,4754.13687
650.0,41,4760.211181
251.0,14,4761.692089
257.0,14,4764.072549
257.0,14,4766.491689
257.0,15,4769.306623
252.0,14,4772.078298
257.0,14,4773.717605
247.0,15,4776.619166
257.0,14,4779.293874
257.0,14,4781.921691
257.0,14,4783.637442
256.0,14,4786.560795
253.0,14,4789.434579
257.0,14,4792.075878
257.0,14,4793.773
254.0,15,4796.484793
257.0,15,4799.304971
257.0,14,4802.018132
257.0,14,4804.676401
253.0,14,4806.290484
257.0,14,4808.923143
257.0,14,4811.514002
253.0,14,4814.228094
253.0,14,4815.914669
257.0,14,4818.658653
253.0,14,4821.304343
255.0,15,4823.86634
257.0,14,4826.453349
257.0,14,4828.101672
254.0,14,4830.767813
254.0,15,4833.379552
251.0,16,4836.057613
257.0,14,4838.722907
252.0,14,4840.364052
257.0,14,4843.470762
246.0,20,4847.73008
257.0,14,4849.626829
257.0,14,4852.346971
641.0,47,4860.314496
254.0,14,4863.009574
256.0,14,4865.703384
651.0,39,4871.546567
253.0,15,4874.182528
257.0,14,4876.775159
257.0,14,4879.304499
257.0,14,4882.050999
650.0,40,4888.963897
257.0,14,4890.584939
650.0,42,4898.580709
257.0,14,4900.200423
257.0,14,4902.746356
257.0,14,4905.383346
253.0,14,4908.01158
244.0,17,4910.807102
257.0,14,4912.403714
257.0,14,4915.192112
251.0,15,4918.394849
255.0,15,4921.414795
257.0,14,4924.958928
636.0,80,4940.702693
255.0,15,4943.517911
244.0,16,4946.366608
237.0,19,4949.366696
1071.0,65,4962.754168
257.0,14,4965.620042
644.0,71,4978.34015
257.0,14,4980.043169
257.0,14,4982.760173
256.0,15,4985.518488
257.0,14,4988.070615
239.0,16,4990.875815
243.0,17,4993.77334
257.0,14,4996.503287
252.0,15,4999.363901
649.0,47,5006.930212
254.0,18,5010.832912
257.0,14,5012.547274
253.0,14,5015.323626
244.0,16,5018.138172
253.0,14,5020.885042
253.0,14,5023.556245
652.0,46,5031.247305
240.0,16,5034.217023
257.0,14,5037.042209
257.0,14,5039.932046
245.0,15,5042.646921
257.0,14,5045.341049
255.0,15,5047.128792
252.0,14,5049.821028
257.0,14,5052.439166
251.0,15,5055.166377
253.0,14,5057.978103
257.0,14,5059.680078
237.0,19,5063.585298
257.0,14,5065.275543
252.0,15,5067.937628
257.0,14,5070.578442
257.0,14,5073.126637
257.0,14,5075.718642
254.0,16,5078.504501
257.0,15,5080.160008
252.0,15,5082.833099
257.0,14,5085.342917
254.0,15,5088.037501
257.0,14,5090.747217
257.0,14,5092.369056
257.0,14,5095.059649
257.0,14,5097.730357
235.0,21,5101.735849
253.0,14,5103.548998
243.0,16,5106.346778
252.0,15,5109.071872
257.0,14,5111.707952
257.0,14,5114.357122
255.0,16,5117.083059
252.0,14,5118.699448
257.0,14,5121.328769
254.0,14,5123.872821
257.0,14,5126.619568
257.0,14,5128.308894
257.0,14,5130.986427
247.0,16,5133.603976
257.0,14,5136.184464
257.0,14,5138.762946
254.0,14,5140.399744
244.0,16,5143.141851
247.0,15,5145.795058
645.0,42,5153.607259
257.0,14,5155.256913
256.0,15,5157.86076
257.0,14,5160.520784
256.0,14,5163.133877
648.0,47,5171.235093
253.0,14,5172.908076
246.0,17,5175.565589
257.0,15,5178.228335
257.0,14,5180.862549
257.0,14,5183.428771
245.0,16,5186.327172
253.0,14,5188.890991
637.0,80,5202.605955
241.0,17,5205.412356
650.0,39,5212.254758
652.0,148,5237.584198
257.0,14,5240.248433
257.0,14,5242.971243
250.0,19,5245.927537
640.0,43,5253.027265
1377.0,89,5268.491439
652.0,105,5287.528625
255.0,14,5289.222816
644.0,42,5297.264917
257.0,14,5299.044704
245.0,15,5302.013318
253.0,14,5304.688766
257.0,14,5307.299611
255.0,15,5309.924657
257.0,14,5311.623619
247.0,16,5314.307557
257.0,14,5316.989703
252.0,16,5319.845073
255.0,14,5322.450968
651.0,151,5354.735644
257.0,14,5356.847137
257.0,14,5359.859404
252.0,15,5363.045761
253.0,14,5366.163764
253.0,14,5369.153296
257.0,14,5371.173355
256.0,15,5374.383815
257.0,15,5377.453649
253.0,14,5380.643123
257.0,14,5383.776413
249.0,16,5386.940141
783.0,93,5405.601098
252.0,15,5408.841048
253.0,14,5411.889161
251.0,14,5415.175436
257.0,14,5417.140135
645.0,49,5425.973731
257.0,14,5428.680131
256.0,14,5431.366053
256.0,15,5434.158739
257.0,14,5437.099705
256.0,15,5438.819407
257.0,14,5441.506438
257.0,14,5444.166035
253.0,14,5446.913769
257.0,14,5448.607123
254.0,14,5451.260064
663.0,75,5464.582171
257.0,14,5466.73189
257.0,14,5469.641272
257.0,14,5472.249508
257.0,14,5475.280956
257.0,14,5477.447891
257.0,14,5480.502503
257.0,14,5483.566742
253.0,14,5486.727044
257.0,14,5488.773554
253.0,14,5491.952364
253.0,14,5495.046973
245.0,15,5498.329084
257.0,14,5500.242489
649.0,40,5509.672165
251.0,14,5512.819742
244.0,16,5516.005288
257.0,14,5519.138466
254.0,15,5522.331465
253.0,14,5525.44523
257.0,14,5527.841187
257.0,14,5530.894725
257.0,14,5533.876916
253.0,14,5536.884381
257.0,14,5539.294634
257.0,15,5544.190756
253.0,14,5547.749637
257.0,14,5550.906543
257.0,14,5552.902086
257.0,14,5555.796124
257.0,14,5558.724765
252.0,14,5561.778955
254.0,14,5563.762202
253.0,14,5566.811559
253.0,14,5569.89941
257.0,14,5572.796209
252.0,15,5575.770048
257.0,14,5577.658863
257.0,14,5580.56538
257.0,14,5583.644192
256.0,15,5586.810062
256.0,14,5588.713686
257.0,14,5591.647718
246.0,18,5595.061181
247.0,14,5598.32106
257.0,14,5601.342882
257.0,14,5604.833684
252.0,15,5608.077044
249.0,15,5610.085178
257.0,14,5613.08508
257.0,14,5616.14015
256.0,17,5619.356508
257.0,14,5622.313284
257.0,14,5625.167454
257.0,14,5627.078804
257.0,14,5630.175265
253.0,14,5633.150553
253.0,14,5636.232992
245.0,16,5639.342037
647.0,40,5647.433209
252.0,15,5649.466733
244.0,17,5654.12821
256.0,14,5656.230611
642.0,33,5663.005663
253.0,14,5665.764864
257.0,14,5668.889964
257.0,14,5671.578932
257.0,14,5673.362669
252.0,15,5676.33274
248.0,17,5679.649745
253.0,14,5682.411479
257.0,14,5684.475543
244.0,17,5686.78683
257.0,14,5689.112726
257.0,14,5692.132235
251.0,15,5694.049661
646.0,44,5702.829232
257.0,14,5705.721861
651.0,40,5713.140548
257.0,14,5715.030978
257.0,14,5717.949125
257.0,14,5720.571027
257.0,14,5723.283127
256.0,15,5726.03244
256.0,15,5727.876804
257.0,14,5730.575403
257.0,14,5733.222065
257.0,14,5735.996267
256.0,15,5738.817566
244.0,17,5741.68206
650.0,39,5748.878399
257.0,14,5750.552442
257.0,14,5753.315202
253.0,14,5756.07916
257.0,14,5758.748913
256.0,15,5760.553424
253.0,14,5763.40574
257.0,14,5766.238575
629.0,67,5777.828898
249.0,15,5780.6138
253.0,14,5783.424792
257.0,14,5786.082021
257.0,14,5787.816915
246.0,15,5790.749954
257.0,14,5793.494807
256.0,14,5796.320332
244.0,17,5799.543947
257.0,14,5802.631217
256.0,17,5806.064742
257.0,14,5808.919828
257.0,14,5810.592936
648.0,40,5818.011537
253.0,14,5820.781093
257.0,14,5823.508836
257.0,14,5826.279513
253.0,14,5828.245082
257.0,14,5831.248162
245.0,16,5834.205508
257.0,14,5836.976951
257.0,14,5840.111077
1377.0,114,5860.05816
257.0,14,5862.744094
254.0,14,5864.503026
253.0,14,5867.257836
257.0,14,5869.927377
251.0,14,5872.793701
254.0,14,5874.49903
257.0,14,5877.226876
653.0,36,5884.149955
257.0,15,5885.920116
242.0,19,5889.938827
653.0,42,5897.302936
257.0,14,5900.029952
653.0,61,5910.39162
1073.0,151,5937.588249
257.0,14,5940.338809
254.0,14,5943.15829
257.0,14,5945.913275
257.0,14,5947.641824
257.0,14,5950.328341
257.0,14,5953.045079
244.0,17,5955.969361
647.0,43,5963.851894
257.0,14,5966.519727
257.0,14,5969.447547
245.0,16,5972.603658
256.0,15,5975.778228
252.0,16,5978.864773
253.0,15,5981.871235
257.0,14,5983.554425
249.0,15,5986.479087
649.0,39,5993.384233
257.0,14,5996.132233
256.0,16,5998.861846
253.0,14,6001.635045
642.0,44,6009.093688
258.0,16,6012.063495
257.0,14,6014.776106
257.0,14,6017.513713
257.0,14,6019.341512
257.0,14,6022.065504
252.0,15,6024.891431
256.0,15,6027.704089
257.0,14,6030.407664
253.0,14,6032.312768
257.0,14,6035.436772
257.0,14,6038.784502
255.0,14,6041.026295
257.0,14,6042.279421
652.0,51,6052.298871
257.0,14,6054.994101
667.0,70,6068.197556
257.0,14,6071.608945
252.0,14,6075.191555
257.0,14,6077.336702
257.0,14,6080.50586
256.0,14,6083.767475
257.0,14,6086.984846
255.0,15,6090.502522
257.0,14,6092.47667
643.0,42,6102.602802
256.0,15,6104.888926
249.0,17,6109.495535
257.0,14,6111.472896
257.0,14,6114.461715
667.0,109,6137.373769
253.0,14,6139.393402
1375.0,117,6161.480335
257.0,14,6164.436282
257.0,14,6167.293521
257.0,14,6168.952301
257.0,14,6171.631555
257.0,14,6174.312739
1376.0,92,6190.538344
252.0,15,6193.364016
257.0,14,6196.179392
257.0,14,6198.911053
257.0,14,6200.657221
253.0,14,6203.413935
257.0,14,6206.22332
257.0,14,6208.970565
257.0,14,6211.010151
253.0,14,6214.13432
257.0,14,6216.845224
257.0,14,6219.318629
253.0,14,6220.83612
257.0,14,6223.04836
256.0,15,6225.339169
257.0,14,6227.66419
252.0,14,6229.90214
644.0,44,6235.952175
652.0,255,6280.153149
257.0,14,6282.844399
257.0,14,6284.58721
257.0,14,6287.711038
257.0,14,6290.606208
1072.0,165,6320.716175
257.0,14,6322.405084
245.0,15,6325.662823
257.0,14,6328.645125
257.0,14,6331.389472
650.0,40,6339.037173
257.0,14,6340.811847
253.0,14,6343.584188
257.0,14,6346.418873
1072.0,126,6369.544723
257.0,14,6371.307083
253.0,14,6373.967767
257.0,14,6376.770924
257.0,14,6379.484969
257.0,14,6381.095756
1376.0,88,6394.623966
253.0,14,6397.405977
249.0,15,6400.465003
245.0,16,6403.262097
257.0,14,6406.005086
256.0,14,6408.737889
253.0,16,6411.528793
257.0,14,6413.276835
251.0,14,6415.927874
253.0,14,6418.586768
257.0,14,6421.364853
257.0,14,6423.106656
257.0,14,6425.84977
257.0,14,6428.645671
257.0,14,6431.300093
257.0,14,6433.326194
257.0,14,6436.089844
256.0,14,6438.854874
652.0,42,6446.017941
253.0,14,6448.757812
257.0,14,6451.407557
1358.0,112,6471.842386
253.0,14,6473.553643
257.0,14,6476.339897
257.0,14,6479.054638
257.0,14,6481.852224
254.0,14,6483.66096
256.0,15,6486.490062
254.0,16,6489.695528
257.0,14,6492.471114
257.0,14,6495.288414
257.0,14,6497.085525
257.0,14,6499.909016
257.0,14,6502.744642
249.0,16,6505.649535
257.0,14,6508.457543
257.0,14,6510.138054
1377.0,82,6525.657959
257.0,14,6527.345497
257.0,14,6530.187956
253.0,14,6533.010576
254.0,15,6535.817356
257.0,14,6538.525489
251.0,14,6540.3271
254.0,15,6543.142445
256.0,15,6545.923885
257.0,14,6548.590341
252.0,15,6551.290956
253.0,14,6553.09059
1072.0,64,6564.643409
257.0,14,6567.436331
254.0,15,6570.270233
257.0,14,6573.006269
244.0,17,6575.98355
654.0,40,6583.366775
257.0,14,6586.203208
257.0,14,6587.967711
257.0,14,6590.761421
257.0,14,6593.416939
249.0,16,6596.298459
257.0,14,6599.038279
843.0,72,6612.040283
243.0,19,6615.174213
257.0,14,6617.915706
257.0,14,6620.82637
253.0,14,6622.569176
253.0,14,6625.476918
257.0,14,6628.273888
254.0,15,6631.067899
257.0,14,6632.926908
252.0,14,6635.833193
257.0,14,6638.617142
655.0,40,6646.096134
257.0,14,6648.958325
257.0,14,6650.822236
253.0,14,6653.690341
257.0,14,6656.444994
254.0,14,6659.214116
257.0,14,6660.999077
251.0,14,6663.812813
257.0,14,6666.614017
252.0,15,6669.469186
257.0,14,6672.285042
254.0,14,6674.23415
257.0,14,6677.016974
257.0,14,6679.846019
250.0,14,6682.759401
246.0,18,6685.734687
647.0,39,6693.087924
254.0,14,6694.846209
249.0,15,6697.674762
637.0,47,6706.670771
256.0,15,6709.825963
257.0,14,6712.659964
257.0,14,6715.453089
257.0,14,6717.353992
257.0,14,6720.167712
257.0,14,6723.056364
253.0,14,6725.878336
654.0,36,6732.042278
649.0,40,6739.70149
244.0,17,6742.6321
256.0,15,6745.387045
257.0,15,6748.298934
257.0,15,6751.289743
257.0,14,6754.279846
257.0,14,6755.841359
257.0,14,6758.233215
257.0,14,6760.671901
257.0,14,6762.945773
247.0,17,6765.488508
257.0,14,6766.96732
252.0,14,6769.386108
253.0,14,6771.754931
257.0,14,6774.718361
257.0,14,6776.333009
653.0,93,6791.597778
245.0,18,6794.288907
257.0,14,6796.642688
253.0,14,6799.083244
257.0,14,6801.40871
249.0,17,6804.095829
252.0,15,6806.644085
252.0,14,6808.179591
253.0,14,6810.724783
257.0,14,6813.055619
255.0,15,6815.643828
251.0,14,6817.10781
257.0,14,6819.636921
257.0,14,6821.954016
254.0,14,6824.435791
257.0,14,6825.943869
254.0,15,6828.40675
254.0,14,6830.843698
254.0,14,6833.270725
253.0,14,6835.765612
257.0,14,6837.303658
643.0,41,6843.949672
649.0,48,6851.461823
249.0,17,6854.882847
257.0,14,6856.380612
246.0,16,6858.915102
256.0,15,6861.311602
252.0,15,6863.697883
257.0,14,6866.064579
256.0,14,6868.384801
616.0,47,6875.384477
257.0,15,6877.735014
647.0,39,6884.526855
251.0,15,6887.302138
257.0,14,6890.064512
251.0,14,6892.896611
253.0,14,6894.641632
257.0,15,6897.665577
257.0,14,6900.46126
255.0,16,6903.249768
257.0,14,6905.964447
257.0,14,6907.627906
253.0,14,6910.323539
249.0,17,6913.229312
257.0,14,6915.895059
257.0,14,6918.577502
241.0,16,6921.385443
254.0,15,6924.171905
257.0,14,6925.937455
255.0,15,6928.747571
257.0,14,6931.537808
257.0,14,6934.321357
257.0,14,6937.019475
1071.0,63,6947.73443
257.0,14,6950.473559
257.0,14,6953.296524
253.0,14,6956.156631
253.0,14,6957.950553
257.0,14,6960.746719
247.0,15,6963.714282
257.0,14,6966.501489
257.0,14,6969.370193
257.0,14,6971.149547
257.0,14,6974.018816
257.0,14,6976.836618
249.0,16,6979.730441
257.0,14,6982.60651
649.0,42,6989.932823
257.0,14,6992.744162
244.0,18,6995.756784
257.0,14,6998.594931
257.0,14,7000.393852
257.0,14,7003.176531
257.0,14,7005.885341
252.0,14,7008.753233
257.0,14,7010.368414
244.0,17,7013.358271
257.0,14,7016.446186
257.0,14,7019.169086
257.0,14,7022.037176
257.0,14,7023.706605
257.0,14,7026.513316
252.0,15,7029.357294
646.0,40,7036.763531
651.0,40,7044.218351
252.0,14,7046.951387
257.0,14,7049.608331
257.0,14,7051.399147
257.0,14,7054.106853
253.0,14,7057.006152
256.0,15,7059.726065
257.0,14,7061.430988
257.0,14,7064.511592
257.0,14,7067.64555
256.0,15,7070.842367
257.0,14,7073.815261
647.0,40,7081.172992
256.0,14,7083.095172
257.0,14,7085.883967
249.0,15,7088.868986
257.0,14,7091.72669
257.0,14,7093.477509
253.0,14,7096.469375
257.0,14,7099.291482
257.0,14,7102.097548
257.0,14,7103.945231
1075.0,88,7120.451922
257.0,14,7123.242373
257.0,14,7125.975939
257.0,14,7128.556007
257.0,14,7129.978052
257.0,14,7132.368962
644.0,38,7138.477854
255.0,16,7140.989178
253.0,15,7143.398786
253.0,14,7145.759883
257.0,14,7147.285853
257.0,14,7149.655586
257.0,14,7152.114842
257.0,14,7154.508026
252.0,14,7156.095068
257.0,14,7158.679948
255.0,16,7161.219659
256.0,15,7163.749527
254.0,14,7166.097988
257.0,14,7167.863444
257.0,14,7170.685058
651.0,40,7177.985679
254.0,14,7180.787727
253.0,14,7183.61178
257.0,14,7185.456733
245.0,16,7188.370214
257.0,14,7191.248023
651.0,40,7198.490963
250.0,14,7201.403446
257.0,14,7204.277672
257.0,14,7206.028125
253.0,14,7208.918703
257.0,14,7211.81106
257.0,14,7214.907718
1073.0,81,7230.957807
242.0,16,7233.804193
242.0,18,7237.023965
1376.0,83,7251.97459
254.0,15,7255.061666
257.0,14,7257.897023
257.0,14,7260.645351
257.0,14,7263.479616
647.0,39,7270.130073
1073.0,102,7292.019219
242.0,16,7294.748026
257.0,14,7296.930683
257.0,14,7298.857922
249.0,15,7300.713337
257.0,14,7301.861825
256.0,15,7303.715669
254.0,14,7305.657387
257.0,14,7307.77308
257.0,14,7308.956774
257.0,14,7310.777822
256.0,16,7312.789911
257.0,14,7314.638641
257.0,14,7316.475799
1096.0,76,7325.38434
650.0,42,7330.416448
257.0,14,7332.333802
257.0,14,7334.357571
257.0,14,7336.275891
257.0,14,7337.700244
257.0,14,7339.643637
253.0,14,7341.761469
253.0,14,7343.605389
253.0,14,7344.795723
1072.0,60,7352.304368
257.0,14,7354.184514
253.0,14,7355.382715
257.0,14,7357.395511
257.0,14,7359.437545
255.0,16,7361.703317
257.0,14,7363.722632
1376.0,170,7384.760266
252.0,15,7386.743475
244.0,17,7388.787984
257.0,14,7390.636088
256.0,15,7392.536449
257.0,14,7393.741003
249.0,17,7395.847836
253.0,14,7397.782852
257.0,14,7399.623401
257.0,14,7401.505435
252.0,14,7402.71304
257.0,14,7404.746875
257.0,14,7406.782223
243.0,17,7408.806187
257.0,14,7410.656027
257.0,14,7412.491866
257.0,14,7413.654272
257.0,14,7415.536273
253.0,14,7417.468222
249.0,17,7419.529361
252.0,14,7421.534913
252.0,15,7423.525377
257.0,14,7424.777968
257.0,14,7426.759834
255.0,16,7428.751128
251.0,14,7430.782435
257.0,14,7432.698934
257.0,14,7433.742672
257.0,14,7435.400234
257.0,14,7437.084279
257.0,14,7438.798332
252.0,15,7439.998048
257.0,14,7441.638546
253.0,14,7443.388799
250.0,17,7445.406298
257.0,14,7447.042342
255.0,16,7448.833009
257.0,14,7451.936831
247.0,14,7453.220569
257.0,14,7455.20746
253.0,14,7457.107928
251.0,18,7459.320209
257.0,14,7461.803636
653.0,40,7466.91439
253.0,16,7469.017261
257.0,14,7470.906173
257.0,14,7472.104612
257.0,14,7474.015196
257.0,14,7475.914355
255.0,16,7477.985289
257.0,14,7480.165435
257.0,14,7481.573382
253.0,14,7483.647399
251.0,14,7485.504584
254.0,14,7487.415791
256.0,15,7488.710894
253.0,14,7490.729211
257.0,14,7492.794048
247.0,17,7495.278236
651.0,43,7500.173637
653.0,42,7505.799792
648.0,40,7510.480411
257.0,14,7511.516297
257.0,14,7513.495191
843.0,71,7522.214412
257.0,14,7524.361339
252.0,15,7526.015565
257.0,14,7526.983916
254.0,14,7528.618655
257.0,14,7530.292549
257.0,14,7531.931329
257.0,14,7532.897254
245.0,17,7535.119778
257.0,14,7536.102775
249.0,17,7537.764395
253.0,14,7539.311805
257.0,14,7540.888091
1071.0,244,7567.256001
257.0,14,7568.951183
257.0,14,7570.851604
256.0,14,7572.506652
257.0,14,7573.546238
257.0,14,7575.160465
257.0,14,7576.742916
651.0,40,7581.098119
253.0,14,7582.940741
257.0,14,7583.905975
652.0,36,7589.734717
632.0,41,7594.362723
257.0,14,7595.928722
257.0,14,7597.466411
250.0,14,7598.460371
253.0,14,7600.2556
652.0,43,7604.651558
252.0,15,7606.421214
257.0,14,7608.002429
257.0,14,7609.607354
257.0,14,7611.286036
253.0,14,7612.301882
250.0,14,7613.908375
257.0,14,7615.525281
240.0,16,7617.23248
1073.0,232,7642.493843
667.0,73,7650.808968
251.0,14,7652.836565
257.0,14,7653.956607
251.0,14,7656.175838
641.0,34,7660.034792
257.0,14,7661.849575
257.0,14,7663.674993
240.0,16,7666.291504
253.0,14,7668.247117
649.0,44,7673.181552
244.0,17,7675.074129
254.0,15,7676.895595
257.0,14,7678.7284
1071.0,90,7689.438588
629.0,47,7695.750546
251.0,14,7697.631416
649.0,45,7702.660918
257.0,14,7704.528604
257.0,14,7706.391629
249.0,17,7708.352909
234.0,17,7710.370885
644.0,42,7715.583894
257.0,14,7717.511886
251.0,14,7719.354962
251.0,14,7721.171115
257.0,14,7722.320133
255.0,15,7724.380033
1376.0,106,7739.632649
251.0,15,7741.149287
257.0,14,7743.523351
650.0,41,7749.60063
244.0,17,7752.097588
241.0,16,7754.284555
257.0,14,7756.196823
251.0,14,7758.493675
253.0,14,7760.789296
257.0,14,7762.300678
257.0,14,7764.54468
257.0,14,7766.568488
648.0,39,7771.553994
256.0,15,7773.433478
253.0,17,7775.458708
257.0,14,7777.318831
237.0,17,7779.267023
254.0,14,7780.52599
251.0,14,7782.525238
255.0,15,7784.566319
654.0,40,7790.009178
253.0,14,7791.847991
652.0,44,7796.748415
257.0,14,7798.596969
247.0,16,7800.596995
253.0,14,7802.831752
248.0,16,7804.941028
246.0,15,7806.83979
257.0,14,7808.000297
257.0,14,7809.912472
667.0,41,7814.9385
251.0,14,7816.803658
257.0,15,7818.704458
241.0,16,7820.586171
251.0,14,7822.391474
251.0,14,7823.549379
253.0,14,7825.39995
257.0,14,7827.212474
254.0,14,7829.075982
254.0,15,7830.936377
257.0,14,7832.100202
256.0,15,7833.966634
257.0,14,7835.829468
257.0,14,7837.771087
257.0,14,7838.924546
647.0,42,7844.985863
651.0,41,7849.942007
813.0,77,7858.883064
257.0,14,7860.831669
256.0,15,7862.776358
241.0,16,7864.668401
654.0,41,7870.333375
253.0,14,7872.407968
253.0,14,7874.328078
254.0,16,7876.720541
257.0,14,7877.913341
257.0,14,7880.111436
257.0,14,7882.321505
637.0,44,7887.684241
253.0,14,7889.572534
646.0,41,7894.510704
257.0,14,7896.443118
257.0,14,7898.270125
653.0,42,7903.058504
257.0,14,7904.892199
257.0,14,7906.728332
641.0,37,7910.909625
254.0,14,7912.548887
1072.0,101,7924.403409
257.0,14,7925.391106
257.0,14,7927.029263
246.0,16,7928.759977
252.0,15,7930.392104
241.0,16,7932.125899
257.0,14,7933.810377
241.0,16,7935.521724
257.0,14,7936.584179
257.0,14,7938.300816
257.0,14,7940.158931
645.0,39,7944.739392
257.0,14,7946.516211
257.0,14,7947.518209
257.0,14,7949.134636
257.0,14,7950.752526
257.0,14,7952.362615
257.0,14,7953.378929
257.0,14,7955.068081
251.0,15,7956.762035
257.0,14,7958.655989
251.0,15,7960.584989
1074.0,65,7967.562077
257.0,14,7968.584816
257.0,14,7970.150333
638.0,41,7974.351292
257.0,14,7975.940511
257.0,14,7977.533756
257.0,14,7979.127463
257.0,14,7980.123503
257.0,14,7981.726964
241.0,17,7983.409024
257.0,14,7984.983966
257.0,14,7986.575081
256.0,15,7988.293786
256.0,15,7989.649062
241.0,16,7991.422052
257.0,14,7993.020151
257.0,14,7994.637897
257.0,14,7996.277868
254.0,15,7998.013379
257.0,14,7999.095224
257.0,14,8000.822935
253.0,14,8002.632427
635.0,39,8007.537822
257.0,14,8008.643179
243.0,16,8010.336686
640.0,38,8014.537755
254.0,14,8016.23762
1071.0,72,8023.848564
241.0,16,8025.486063
645.0,39,8029.869809
257.0,14,8031.78507
645.0,39,8035.584195
245.0,16,8037.494085
241.0,16,8039.230122
1072.0,64,8045.990731
241.0,16,8047.650619
257.0,14,8049.223816
250.0,15,8050.82509
257.0,14,8052.406531
257.0,14,8054.022257
256.0,14,8055.034592
241.0,16,8056.660632
1377.0,92,8066.827311
241.0,16,8068.742453
643.0,37,8072.382956
251.0,14,8074.022086
255.0,16,8075.661079
257.0,14,8077.252224
257.0,14,8078.886197
1366.0,83,8087.488871
252.0,16,8089.130864
257.0,14,8090.80922
241.0,16,8092.526679
256.0,16,8094.146905
241.0,16,8095.847495
255.0,14,8097.626167
241.0,16,8099.467566
241.0,16,8101.137541
653.0,38,8104.846875
257.0,14,8106.752464
253.0,14,8108.868937
252.0,14,8110.918321
247.0,16,8112.903622
640.0,42,8117.836325
241.0,16,8119.746215
252.0,15,8121.596926
256.0,16,8123.515059
241.0,16,8125.623374
251.0,14,8126.736696
243.0,16,8128.593633
667.0,73,8138.071733
241.0,16,8139.9568
624.0,33,8143.887257
257.0,14,8144.997286
241.0,16,8146.878845
667.0,38,8151.550004
241.0,16,8153.428471
646.0,39,8158.246634
257.0,15,8160.094691
241.0,16,8162.012848
245.0,16,8163.914572
241.0,16,8165.780056
241.0,16,8167.655273
654.0,45,8173.291486
241.0,16,8175.151015
253.0,14,8176.29774
644.0,45,8181.890083
253.0,14,8183.716833
644.0,43,8188.618651
641.0,39,8193.465935
241.0,16,8195.766933
241.0,17,8198.198651
253.0,14,8200.151971
255.0,14,8202.166197
255.0,14,8203.477585
241.0,16,8205.531883
253.0,15,8207.903056
241.0,16,8210.016778
657.0,44,8216.961986
257.0,14,8218.791077
244.0,16,8221.256323
1377.0,88,8233.1625
254.0,15,8235.441896
638.0,33,8240.049468
256.0,15,8242.259529
648.0,38,8247.574278
653.0,47,8253.728384
241.0,16,8255.701329
251.0,14,8257.774841
241.0,16,8259.751165
241.0,16,8261.87749
650.0,45,8267.75963
241.0,16,8269.691155
249.0,16,8271.584141
254.0,17,8273.593729
253.0,14,8275.473109
253.0,14,8277.250992
645.0,48,8282.89209
257.0,14,8284.664063
257.0,14,8285.768074
257.0,15,8287.588919
243.0,16,8289.562954
252.0,16,8291.436369
257.0,14,8293.19227
645.0,37,8297.759569
241.0,16,8299.602648
241.0,16,8301.452251
843.0,80,8310.687416
241.0,16,8312.517695
255.0,14,8313.641556
241.0,16,8315.478867
257.0,14,8317.255049
240.0,17,8319.135826
241.0,16,8320.988101
241.0,16,8322.820803
241.0,16,8324.678974
653.0,44,8330.153079
650.0,39,8334.824902
650.0,45,8339.61858
1070.0,69,8348.0221
253.0,15,8349.846189
250.0,15,8351.689526
241.0,16,8353.526602
241.0,16,8355.40883
639.0,34,8359.267161
241.0,16,8361.110729
1375.0,93,8372.860002
240.0,17,8374.727045
241.0,16,8376.559932
241.0,16,8378.413588
253.0,14,8379.656825
236.0,17,8382.191986
763.0,63,8389.365594
241.0,16,8391.215631
1074.0,65,8399.329793
241.0,16,8401.201447
254.0,14,8402.322548
254.0,14,8404.120342
250.0,15,8405.955283
257.0,14,8407.720417
237.0,17,8409.600341
843.0,78,8418.968951
236.0,17,8420.892096
243.0,16,8422.803306
252.0,15,8424.615457
252.0,15,8425.853833
251.0,14,8427.65958
241.0,16,8429.561036
241.0,16,8431.44795
241.0,16,8433.304768
254.0,15,8435.129776
1375.0,426,8485.903817
241.0,16,8487.821469
655.0,40,8493.226028
250.0,15,8495.144608
650.0,43,8501.084658
241.0,16,8503.050321
241.0,16,8504.996936
241.0,16,8507.014783
1075.0,77,8516.092093
238.0,18,8518.402483
256.0,15,8520.321037
241.0,16,8522.426581
256.0,16,8524.891159
252.0,15,8526.816129
243.0,16,8528.788315
251.0,16,8530.782089
238.0,16,8532.956727
241.0,16,8535.164052
643.0,38,8540.344965
257.0,14,8542.549003
644.0,38,8546.820697
241.0,16,8548.746715
241.0,16,8550.700049
638.0,36,8556.063845
249.0,16,8558.082363
1073.0,143,8576.152523
648.0,40,8581.050317
257.0,14,8583.013086
253.0,15,8584.222275
255.0,14,8586.097596
1091.0,136,8602.833616
252.0,15,8605.271625
253.0,16,8607.269547
241.0,16,8609.220326
255.0,14,8611.120897
1074.0,77,8620.281119
256.0,15,8622.200804
241.0,16,8624.166675
241.0,16,8626.242414
255.0,15,8628.239637
241.0,16,8630.234284
249.0,16,8632.238804
652.0,44,8638.612147
648.0,41,8644.042725
238.0,16,8645.777589
251.0,14,8647.64823
256.0,16,8649.505507
255.0,17,8651.350797
1072.0,59,8657.655741
257.0,15,8659.721103
241.0,16,8661.336381
843.0,76,8668.593448
253.0,15,8670.137611
625.0,38,8673.993987
241.0,16,8675.584454
241.0,16,8677.1671
257.0,14,8678.692614
647.0,37,8682.01509
251.0,14,8683.538096
650.0,51,8688.888951
1375.0,79,8696.219427
242.0,15,8697.772943
656.0,43,8702.366842
257.0,14,8703.308485
655.0,38,8707.525065
257.0,14,8709.042522
241.0,16,8710.653097
251.0,14,8712.205568
241.0,16,8713.854159
241.0,18,8715.511571
640.0,40,8719.489414
257.0,14,8721.009981
254.0,14,8721.976986
257.0,14,8723.484842
257.0,14,8724.984629
257.0,14,8726.571083
241.0,16,8728.249967
241.0,16,8729.832971
251.0,14,8730.779146
241.0,16,8732.388424
241.0,16,8733.979423
241.0,16,8735.561944
253.0,14,8737.108956
256.0,14,8738.721884
644.0,43,8742.887866
241.0,16,8744.462343
651.0,38,8748.4965
241.0,16,8750.054528
241.0,16,8751.656946
241.0,16,8753.282456
1079.0,67,8760.223241
241.0,16,8761.97688
241.0,16,8763.592697
245.0,16,8765.253502
651.0,41,8769.914949
843.0,79,8777.549717
244.0,18,8780.071471
255.0,16,8781.659946
643.0,55,8787.398586
257.0,14,8788.561018
257.0,14,8790.177765
251.0,14,8791.739248
257.0,14,8793.417174
1072.0,66,8800.213512
655.0,41,8804.363542
257.0,14,8805.967403
257.0,14,8806.962792
257.0,14,8808.562764
257.0,14,8810.234277
1073.0,70,8817.8599
642.0,38,8821.663904
257.0,14,8823.344386
256.0,16,8825.119363
241.0,16,8826.846215
640.0,37,8831.274178
241.0,16,8833.024054
241.0,16,8834.805386
637.0,47,8840.143289
241.0,16,8841.792213
241.0,16,8843.406397
243.0,16,8845.052028
647.0,46,8850.212838
843.0,73,8859.80624
257.0,14,8860.911356
1377.0,78,8870.431751
250.0,15,8872.356937
257.0,15,8874.406876
843.0,72,8885.764262
241.0,16,8887.525002
238.0,16,8889.313725
243.0,16,8891.21615
254.0,14,8892.979086
241.0,16,8894.949622
257.0,14,8896.167798
257.0,15,8898.197768
647.0,39,8903.116641
235.0,18,8905.079756
651.0,38,8910.076632
241.0,16,8911.945879
241.0,16,8913.933976
256.0,14,8915.794631
257.0,14,8917.760306
241.0,16,8919.621509
241.0,16,8921.483429
1375.0,100,8932.797211
651.0,38,8937.523687
241.0,16,8939.54809
256.0,14,8941.45651
255.0,14,8942.570801
640.0,34,8947.326702
241.0,16,8949.344629
1094.0,64,8956.794626
252.0,15,8957.941612
241.0,16,8959.773368
1375.0,78,8968.842501
241.0,16,8970.658587
241.0,16,8972.453658
235.0,17,8974.291683
241.0,16,8976.076952
654.0,40,8980.541242
782.0,115,8994.629712
254.0,15,8996.455215
241.0,16,8998.371134
241.0,16,9000.37676
1376.0,90,9011.520445
254.0,16,9013.68456
238.0,16,9015.909182
251.0,14,9017.883805
257.0,14,9019.007057
255.0,16,9020.881626
624.0,48,9026.570802
646.0,35,9031.008149
256.0,14,9032.135576
251.0,14,9033.970511
241.0,16,9035.948345
257.0,14,9038.416506
255.0,15,9040.294104
241.0,16,9042.166749
241.0,16,9043.941267
244.0,17,9045.878845
241.0,16,9047.918793
843.0,76,9056.87358
241.0,16,9058.805004
241.0,16,9060.719606
843.0,75,9070.222487
241.0,16,9072.189335
240.0,17,9074.040909
646.0,38,9078.718464
257.0,15,9080.492627
1072.0,72,9089.372918
257.0,14,9090.601634
257.0,14,9092.606596
257.0,14,9094.397049
257.0,14,9096.245832
257.0,14,9097.415707
257.0,14,9099.229698
740.0,54,9105.700246
245.0,16,9107.556342
241.0,16,9109.451433
257.0,14,9111.358254
843.0,70,9120.347007
257.0,14,9122.148561
779.0,88,9133.191833
652.0,40,9138.063446
239.0,16,9140.053931
241.0,16,9141.973693
256.0,15,9143.796712
1377.0,74,9152.380667
244.0,17,9154.236707
237.0,17,9156.114122
241.0,16,9157.941112
646.0,38,9162.417295
1359.0,76,9171.377342
648.0,43,9175.973207
1071.0,63,9183.524793
242.0,16,9185.392869
257.0,14,9187.13572
257.0,14,9188.202873
1078.0,115,9202.006346
253.0,15,9203.833134
251.0,14,9204.963109
241.0,16,9206.806254
243.0,16,9208.636473
638.0,38,9213.099526
252.0,15,9214.910387
241.0,16,9216.723974
639.0,38,9221.405674
253.0,14,9222.91979
241.0,16,9224.492244
643.0,38,9227.858314
256.0,16,9229.444849
838.0,67,9236.729478
646.0,38,9240.180159
241.0,16,9241.873838
253.0,14,9243.759248
1376.0,72,9253.106916
241.0,16,9255.268345
241.0,16,9257.40635
644.0,36,9262.567769
241.0,16,9264.585243
257.0,14,9265.841624
645.0,45,9271.851346
241.0,16,9273.751133
644.0,36,9278.445099
255.0,14,9279.584498
251.0,14,9281.430349
1080.0,67,9289.152224
646.0,38,9293.681986
241.0,16,9295.493688
649.0,39,9300.051972
257.0,14,9301.970418
257.0,14,9304.008757
257.0,14,9305.265132
257.0,14,9307.130818
633.0,35,9311.332449
253.0,14,9313.381981
1377.0,78,9323.443853
245.0,16,9325.45091
253.0,15,9327.38193
241.0,16,9329.393385
257.0,14,9331.295068
257.0,14,9332.444456
254.0,17,9334.567059
251.0,14,9336.410136
768.0,115,9350.573814
257.0,14,9351.883347
257.0,14,9353.749831
257.0,14,9355.68595
254.0,14,9357.698014
641.0,38,9361.892056
843.0,71,9370.447904
629.0,49,9376.060572
1073.0,121,9391.148425
257.0,14,9392.99855
252.0,15,9396.560989
257.0,14,9398.383773
257.0,14,9400.356155
257.0,14,9401.621989
1071.0,87,9413.012596
257.0,14,9414.840977
257.0,14,9416.799412
653.0,40,9421.92375
646.0,38,9426.301599
244.0,16,9428.318829
645.0,42,9434.056205
646.0,38,9438.583022
637.0,42,9444.446579
257.0,14,9446.011579
251.0,14,9449.164248
254.0,14,9451.096478
257.0,14,9453.020908
1073.0,65,9462.043137
1080.0,82,9475.326671
241.0,16,9478.140637
241.0,16,9480.815781
257.0,14,9483.044981
1074.0,117,9498.491044
252.0,16,9500.566991
242.0,16,9502.612259
257.0,14,9504.586006
257.0,14,9506.624218
843.0,73,9516.198112
257.0,14,9518.248563
257.0,14,9520.266585
642.0,38,9524.639139
246.0,15,9526.876279
645.0,38,9532.408235
1376.0,89,9544.04169
843.0,71,9554.228327
257.0,14,9556.262124
257.0,14,9557.714847
257.0,14,9559.920257
254.0,14,9562.088009
257.0,14,9564.311567
636.0,45,9571.26378
257.0,14,9573.281538
241.0,16,9575.151815
257.0,14,9576.913935
1068.0,60,9583.397706
1074.0,77,9592.708512
257.0,14,9594.444141
639.0,71,9602.741218
257.0,14,9603.854174
1375.0,67,9612.016315
1074.0,62,9618.884403
251.0,15,9620.772649
249.0,17,9622.63619
633.0,32,9626.309633
257.0,14,9628.11162
257.0,14,9629.882414
257.0,14,9631.714314
257.0,14,9632.808386
253.0,14,9634.59097
257.0,14,9636.424382
610.0,64,9644.758145
251.0,14,9646.912951
257.0,14,9647.990459
646.0,37,9652.608444
257.0,14,9654.400984
257.0,14,9656.215297
641.0,36,9660.406296
257.0,14,9662.879364
257.0,14,9665.613111
1074.0,62,9673.065977
639.0,37,9678.161766
257.0,14,9680.258649
257.0,14,9681.682024
1376.0,67,9691.587348
257.0,14,9693.380992
257.0,14,9694.48384
257.0,14,9696.276329
1073.0,64,9704.41767
631.0,32,9708.709675
257.0,14,9710.602636
257.0,14,9712.413324
251.0,14,9713.514902
252.0,15,9715.360967
257.0,14,9717.183074
257.0,15,9719.096896
257.0,14,9720.944486
251.0,14,9722.057615
241.0,16,9724.06133
251.0,15,9725.959665
257.0,14,9727.754591
257.0,14,9729.556983
257.0,14,9730.665556
257.0,14,9732.449249
1377.0,80,9741.32004
257.0,14,9743.138218
667.0,37,9747.840451
251.0,14,9748.937503
634.0,35,9753.41575
257.0,14,9754.496561
649.0,59,9761.921329
257.0,14,9763.720325
257.0,14,9764.818707
252.0,16,9767.014533
257.0,14,9768.981472
257.0,14,9770.954488
645.0,42,9776.695504
257.0,14,9778.804394
257.0,14,9780.948747
257.0,14,9782.114445
252.0,17,9784.14875
641.0,41,9790.137469
257.0,14,9791.306418
257.0,14,9793.347818
257.0,14,9795.172732
257.0,14,9797.071516
257.0,14,9798.297402
257.0,14,9800.292462
252.0,15,9802.171595
257.0,14,9804.161725
257.0,14,9805.484055
241.0,16,9807.607187
257.0,14,9809.515423
1376.0,71,9819.003175
257.0,14,9821.1972
254.0,14,9823.701055
241.0,16,9825.598571
241.0,16,9827.596383
257.0,14,9828.708443
646.0,37,9833.609554
257.0,14,9835.414662
1072.0,64,9844.124072
256.0,15,9845.980147
650.0,38,9849.794865
257.0,14,9851.527785
639.0,36,9855.884274
1377.0,112,9869.574377
257.0,14,9870.652539
257.0,14,9872.276945
257.0,14,9873.89221
257.0,14,9875.503435
245.0,17,9877.200961
1620.0,87,9886.433567
257.0,14,9887.447196
257.0,14,9889.062192
257.0,14,9890.670336
256.0,15,9892.315044
257.0,14,9893.326334
624.0,31,9896.941639
622.0,43,9902.056137
640.0,115,9913.781979
257.0,14,9915.467458
243.0,17,9917.148293
241.0,16,9918.794807
257.0,14,9920.415714
257.0,14,9921.403258
254.0,14,9923.091323
251.0,14,9924.913397
257.0,14,9926.618946
257.0,14,9927.665452
257.0,14,9929.316656
253.0,15,9931.53988
767.0,56,9939.075701
257.0,14,9941.013272
257.0,14,9942.96925
257.0,14,9944.210613
254.0,15,9946.44193
639.0,37,9951.626043
257.0,14,9953.608695
783.0,62,9961.226469
257.0,14,9963.222128
1377.0,67,9972.743819
257.0,14,9974.565089
256.0,15,9976.330369
257.0,14,9978.235349
257.0,14,9980.021253
1369.0,70,9987.516414
253.0,14,9989.278273
796.0,75,9998.27186
257.0,14,10000.170391
257.0,14,10001.984447
255.0,14,10003.740774
257.0,14,10004.845335
257.0,14,10006.788409
640.0,47,10013.075628
653.0,37,10018.07985
257.0,14,10019.248299
257.0,14,10021.19959
254.0,14,10023.250496
1360.0,67,10031.492221
257.0,14,10033.41521
257.0,14,10035.434713
257.0,14,10037.347308
257.0,14,10038.551864
257.0,14,10040.476216
241.0,16,10042.495857
1375.0,84,10053.731817
254.0,16,10055.557629
843.0,113,10068.343388
257.0,14,10069.389737
257.0,14,10071.115321
642.0,34,10074.743498
257.0,14,10076.469856
257.0,14,10078.204007
1072.0,60,10084.736507
257.0,14,10086.440154
640.0,47,10091.870608
257.0,14,10093.704701
1617.0,142,10112.154455
762.0,78,10122.74517
1376.0,95,10134.478666
623.0,50,10140.528628
641.0,34,10145.499782
637.0,40,10150.134308
257.0,14,10151.441472
257.0,14,10153.278676
241.0,16,10155.151019
1375.0,69,10163.412926
257.0,14,10165.225259
843.0,82,10174.390668
645.0,39,10178.899529
1376.0,74,10187.33293
251.0,14,10189.104975
257.0,14,10190.170801
257.0,14,10191.935143
257.0,14,10193.822005
1072.0,66,10201.911525
257.0,14,10203.648945
1377.0,77,10212.467756
644.0,36,10216.245996
1376.0,85,10226.449357
254.0,18,10228.302755
257.0,14,10230.056671
1375.0,67,10237.536184
256.0,15,10239.269099
257.0,14,10240.969542
778.0,76,10249.097054
257.0,14,10250.793585
843.0,111,10263.476224
257.0,14,10265.293444
1376.0,81,10274.790307
257.0,14,10275.861968
