#{"t_start": 1620637224.4202583, "env_id": "SuperMarioBros-1-1-v0"}
r,l,t
78.0,259,8.642475
118.0,2005,35.255251
140.0,700,44.132237
39.0,42,44.648043
142.0,1345,63.549644
169.0,622,72.004602
33.0,37,72.502547
175.0,1007,86.113065
102.0,577,94.432506
162.0,650,103.27371
85.0,108,104.708556
86.0,109,106.197903
31.0,43,106.889054
33.0,37,107.432712
189.0,1999,135.800596
73.0,127,137.498789
125.0,211,140.64737
111.0,972,178.025996
36.0,43,179.576825
78.0,95,183.523048
107.0,159,190.208913
82.0,211,198.968788
91.0,148,205.236617
127.0,417,222.516163
35.0,39,224.146438
111.0,284,235.996531
29.0,32,237.33614
29.0,32,238.668717
69.0,90,242.374078
31.0,36,243.990362
41.0,45,245.962456
36.0,39,247.422144
179.0,1439,304.191112
162.0,542,325.862428
75.0,95,330.03626
102.0,132,335.893642
66.0,71,339.219971
35.0,41,341.080867
28.0,34,342.676814
183.0,495,361.660685
41.0,44,363.256896
86.0,93,366.89331
30.0,35,368.175643
27.0,30,369.349693
106.0,883,403.732489
105.0,157,409.862241
110.0,203,417.663797
126.0,164,424.173328
108.0,1117,467.86371
97.0,113,472.345437
54.0,59,474.801332
138.0,502,495.20461
144.0,942,532.992983
152.0,181,540.312242
179.0,408,556.821774
127.0,266,567.635222
73.0,93,571.510095
151.0,690,600.652898
161.0,413,618.088681
126.0,222,628.079657
28.0,31,629.537896
83.0,101,633.89508
154.0,362,649.059887
144.0,189,657.090714
32.0,35,658.548622
87.0,301,671.239862
93.0,662,699.48143
71.0,82,702.96552
137.0,232,712.78293
44.0,47,714.80919
111.0,124,719.923243
33.0,37,721.571787
79.0,84,725.129568
85.0,122,730.514831
112.0,551,754.192549
51.0,59,757.016868
42.0,45,758.857111
181.0,219,769.046549
82.0,146,775.373996
174.0,200,784.143461
130.0,325,798.468831
40.0,45,800.307909
75.0,83,804.156126
31.0,34,805.756695
88.0,301,819.40835
122.0,181,827.342334
85.0,96,831.621262
86.0,101,836.160483
30.0,34,837.592164
143.0,199,846.438313
173.0,282,858.908659
73.0,85,862.801258
107.0,234,873.798221
53.0,63,876.879972
195.0,265,888.90564
85.0,161,896.187956
83.0,147,903.0005
155.0,205,912.273328
179.0,281,924.970164
27.0,31,926.423726
32.0,35,928.171115
71.0,139,934.399711
31.0,34,935.887181
75.0,205,945.610219
161.0,693,977.609318
27.0,30,979.059669
79.0,87,983.098549
135.0,243,994.309928
126.0,186,1003.260657
72.0,76,1006.800566
112.0,118,1012.765443
86.0,146,1019.534409
26.0,29,1020.970983
78.0,116,1026.327871
29.0,33,1027.867663
299.0,434,1048.657081
27.0,30,1049.906177
27.0,30,1051.404751
140.0,244,1063.167498
31.0,34,1064.723268
72.0,82,1068.591351
30.0,34,1070.18781
70.0,80,1074.053722
103.0,151,1081.370812
66.0,77,1085.165703
86.0,92,1089.481249
133.0,193,1099.049885
145.0,198,1108.519407
30.0,34,1110.442422
81.0,150,1117.653293
29.0,34,1119.611094
33.0,36,1121.270761
26.0,29,1122.796277
69.0,83,1126.864929
28.0,36,1128.758677
159.0,173,1137.32068
61.0,64,1140.525094
70.0,76,1144.585758
29.0,32,1146.180401
64.0,70,1149.442645
87.0,330,1166.522003
73.0,96,1171.30678
145.0,190,1180.637727
31.0,39,1182.611641
65.0,70,1186.188386
106.0,160,1194.263937
162.0,200,1204.362598
85.0,97,1209.199562
116.0,281,1223.479968
100.0,137,1230.444333
155.0,196,1240.750298
125.0,161,1249.147316
127.0,177,1258.317162
145.0,209,1269.535591
27.0,30,1271.427513
75.0,94,1277.134308
127.0,171,1287.341291
26.0,29,1289.219088
69.0,73,1293.587169
131.0,151,1302.765576
80.0,156,1312.012064
26.0,30,1313.869381
27.0,30,1315.768787
26.0,29,1317.309913
77.0,85,1322.571779
108.0,132,1330.770751
32.0,36,1332.866268
77.0,129,1340.707217
129.0,149,1349.934473
88.0,131,1357.889553
31.0,37,1360.284012
145.0,234,1374.660047
30.0,33,1376.64911
62.0,65,1380.687984
79.0,97,1386.561111
28.0,31,1388.472845
28.0,31,1390.446109
80.0,117,1397.719318
85.0,124,1405.307221
26.0,29,1407.308937
29.0,32,1409.259411
77.0,82,1414.231408
72.0,84,1419.569524
68.0,73,1423.991176
124.0,220,1437.308396
60.0,64,1441.285948
145.0,226,1455.485128
27.0,30,1457.072821
73.0,83,1462.483289
158.0,184,1473.879674
24.0,27,1475.396727
25.0,28,1477.319098
70.0,82,1482.326078
100.0,117,1489.431254
28.0,31,1491.420814
76.0,106,1498.391642
93.0,144,1507.420616
71.0,90,1513.016473
65.0,68,1517.113729
64.0,72,1521.628807
26.0,29,1523.576713
27.0,30,1525.545698
139.0,175,1537.131581
27.0,30,1538.793758
34.0,40,1541.357714
27.0,31,1543.368931
35.0,38,1545.89118
140.0,162,1556.143296
120.0,238,1571.506321
84.0,143,1581.115805
28.0,31,1583.107112
64.0,70,1586.87786
62.0,78,1591.395945
26.0,29,1593.187052
67.0,74,1597.721861
65.0,70,1601.8593
113.0,121,1608.694407
39.0,47,1611.433355
96.0,112,1618.137323
83.0,98,1623.79612
29.0,32,1625.626819
27.0,30,1627.412366
27.0,30,1629.176393
26.0,29,1630.584435
30.0,33,1632.449336
110.0,147,1641.196198
132.0,189,1653.712064
76.0,94,1660.222393
39.0,45,1663.268144
230.0,307,1684.031122
60.0,72,1688.977875
27.0,30,1691.073043
77.0,115,1698.514115
78.0,108,1705.84315
128.0,145,1715.335679
65.0,68,1719.645564
32.0,35,1722.219202
181.0,295,1743.436254
81.0,118,1753.031708
64.0,77,1759.669676
32.0,36,1762.405435
27.0,30,1765.049906
27.0,30,1767.699767
27.0,30,1770.357345
76.0,93,1777.855337
141.0,185,1793.294975
30.0,33,1796.509158
67.0,79,1802.731191
102.0,147,1815.424189
83.0,99,1823.569956
109.0,137,1835.075582
33.0,36,1838.396159
77.0,83,1845.249714
140.0,155,1858.757406
120.0,156,1871.997138
25.0,28,1874.637933
28.0,33,1877.382182
25.0,28,1879.480837
24.0,28,1882.123382
25.0,28,1884.21754
71.0,89,1891.746095
82.0,137,1903.339338
31.0,34,1906.681722
27.0,30,1908.873653
70.0,85,1916.412083
27.0,30,1919.15377
27.0,30,1921.852357
132.0,153,1935.009843
35.0,38,1937.718514
137.0,167,1950.574782
136.0,166,1963.516112
27.0,30,1965.914853
120.0,236,1983.610292
31.0,34,1986.597808
52.0,82,1992.79628
27.0,42,1995.861754
32.0,37,1998.830123
26.0,29,2000.715537
56.0,59,2005.548073
70.0,82,2011.670867
33.0,36,2014.155155
27.0,31,2016.600379
30.0,33,2019.056349
29.0,32,2021.490431
30.0,33,2024.414153
31.0,34,2026.902902
73.0,95,2034.297014
26.0,30,2036.22249
32.0,36,2039.219749
33.0,36,2041.721245
154.0,198,2057.148977
29.0,33,2059.600876
33.0,36,2062.579662
30.0,33,2065.158928
37.0,40,2068.23742
141.0,177,2081.81429
41.0,44,2085.419613
37.0,40,2088.467035
166.0,201,2103.88931
29.0,32,2106.353234
28.0,31,2108.838492
151.0,164,2121.399868
74.0,82,2127.591645
73.0,95,2134.968591
26.0,29,2137.374661
32.0,35,2139.918595
28.0,31,2142.457097
32.0,35,2145.024014
64.0,68,2150.554297
25.0,28,2152.510122
31.0,35,2155.54127
25.0,28,2157.484232
26.0,29,2159.973989
149.0,156,2171.879247
27.0,30,2174.342916
71.0,79,2180.54795
123.0,162,2193.072194
27.0,30,2195.53859
70.0,78,2201.814134
71.0,76,2207.519052
68.0,85,2214.360999
27.0,30,2216.861874
30.0,33,2219.379222
125.0,153,2231.420959
29.0,32,2233.938497
73.0,137,2244.610645
202.0,251,2264.036809
30.0,33,2267.058273
27.0,30,2269.033581
113.0,145,2280.585713
27.0,30,2283.118717
125.0,197,2299.119225
30.0,33,2301.629802
28.0,31,2304.125921
29.0,32,2306.860795
122.0,140,2318.001977
70.0,81,2324.343594
30.0,33,2327.375345
30.0,33,2329.949815
26.0,29,2331.933177
34.0,39,2335.088323
165.0,177,2349.119198
30.0,33,2351.746362
27.0,30,2354.222108
165.0,231,2372.489726
117.0,204,2388.845682
27.0,30,2390.818913
124.0,164,2403.931376
37.0,40,2407.076072
72.0,89,2414.022023
27.0,30,2416.57748
32.0,35,2419.134065
27.0,30,2421.644705
27.0,30,2424.156638
27.0,30,2426.151984
27.0,30,2428.638572
29.0,33,2431.183989
27.0,30,2433.734117
30.0,33,2436.506099
27.0,30,2439.1404
26.0,29,2441.098215
72.0,104,2449.28694
29.0,33,2452.328735
30.0,34,2454.880101
26.0,29,2456.878996
30.0,33,2459.930592
27.0,30,2461.892146
30.0,33,2464.443112
68.0,72,2470.108488
27.0,30,2472.60431
27.0,30,2475.095339
28.0,31,2477.597426
27.0,30,2480.188264
27.0,30,2482.164118
115.0,181,2496.683584
27.0,30,2499.204091
27.0,30,2501.205285
26.0,29,2503.693361
26.0,29,2506.172466
62.0,65,2511.221209
27.0,30,2513.724076
80.0,83,2520.11004
27.0,30,2522.643823
75.0,86,2529.122696
65.0,82,2536.161461
68.0,78,2542.137541
31.0,34,2545.245218
27.0,30,2547.244895
107.0,148,2559.293778
27.0,30,2561.831899
69.0,93,2569.000871
75.0,82,2575.924625
28.0,31,2577.937855
26.0,29,2580.440574
28.0,33,2582.988345
25.0,28,2585.488928
27.0,30,2587.504222
27.0,30,2590.017883
25.0,28,2592.494345
26.0,29,2594.469038
31.0,34,2597.568125
27.0,30,2599.586285
26.0,29,2602.129008
32.0,35,2604.690005
32.0,35,2607.867628
64.0,89,2614.837845
28.0,31,2617.358633
166.0,193,2632.80824
27.0,30,2635.319033
24.0,27,2637.281834
26.0,29,2639.786172
24.0,27,2641.734151
24.0,27,2643.694608
30.0,35,2646.825635
97.0,148,2658.367374
69.0,77,2664.719291
86.0,103,2673.021828
36.0,40,2676.184219
34.0,39,2679.369778
31.0,34,2681.985814
124.0,167,2695.295717
129.0,168,2708.739652
141.0,174,2722.485591
24.0,27,2724.980408
123.0,148,2736.667881
68.0,76,2742.976488
63.0,76,2748.79018
28.0,32,2751.374117
232.0,368,2780.908155
30.0,34,2783.989453
30.0,34,2786.56125
27.0,30,2789.108735
28.0,31,2791.143879
26.0,29,2793.669922
126.0,261,2814.930589
28.0,31,2817.488758
36.0,43,2820.711967
74.0,80,2827.144455
62.0,68,2832.318835
27.0,30,2834.819614
35.0,38,2837.973357
31.0,35,2840.53998
27.0,30,2843.133269
27.0,61,2848.255926
28.0,31,2850.862664
95.0,115,2860.0206
108.0,181,2874.724047
77.0,87,2881.461771
32.0,35,2884.867589
32.0,35,2887.743795
27.0,30,2890.553397
27.0,30,2893.331876
24.0,27,2895.712372
88.0,503,2954.852024
62.0,65,2961.13049
33.0,36,2965.03849
31.0,34,2968.23209
27.0,30,2971.294836
27.0,30,2973.331734
30.0,34,2976.466093
26.0,29,2978.448495
93.0,153,2990.796768
68.0,103,3000.290045
26.0,29,3003.276824
137.0,190,3021.135163
71.0,76,3028.015781
27.0,30,3030.938965
27.0,30,3033.887378
144.0,163,3049.143938
79.0,142,3062.623608
65.0,68,3068.830594
27.0,30,3071.789237
63.0,68,3077.979131
27.0,30,3080.905569
121.0,184,3098.010936
73.0,86,3106.188405
80.0,156,3120.508626
30.0,34,3124.124748
69.0,73,3130.822401
93.0,154,3145.132019
27.0,30,3148.033414
68.0,73,3154.724976
27.0,30,3157.664504
27.0,30,3160.000741
68.0,79,3167.43628
33.0,36,3171.090209
27.0,30,3174.012327
27.0,32,3176.926771
68.0,77,3183.717503
29.0,32,3186.683801
29.0,32,3189.689592
31.0,34,3192.738597
125.0,145,3206.649321
32.0,35,3209.67842
38.0,41,3213.407344
32.0,35,3216.476968
85.0,120,3227.68215
35.0,38,3231.429344
83.0,109,3241.688773
35.0,38,3245.341117
143.0,183,3261.765248
83.0,95,3270.425474
61.0,81,3277.039402
24.0,27,3279.582222
78.0,94,3287.336357
63.0,69,3292.57884
29.0,32,3295.123257
78.0,99,3303.310135
96.0,106,3311.732766
84.0,110,3320.651679
32.0,35,3323.249671
90.0,158,3336.310589
67.0,73,3343.149327
68.0,73,3349.886003
29.0,32,3352.90321
76.0,84,3360.371503
28.0,31,3363.285681
77.0,83,3371.381408
99.0,158,3385.535829
142.0,163,3401.291672
137.0,153,3415.45073
70.0,119,3426.598785
70.0,73,3433.258346
26.0,29,3436.221299
63.0,66,3442.168221
117.0,257,3466.062523
27.0,30,3468.944733
69.0,72,3475.6027
62.0,65,3481.539114
111.0,166,3496.912723
26.0,29,3499.213505
26.0,29,3502.089228
30.0,33,3505.064376
63.0,69,3511.648469
30.0,33,3514.703985
62.0,65,3520.649671
60.0,63,3526.546132
27.0,30,3528.865134
82.0,101,3538.354937
68.0,82,3545.744477
104.0,213,3565.543623
27.0,30,3568.454258
26.0,29,3570.733929
27.0,30,3573.691835
94.0,180,3590.731705
27.0,30,3593.049534
27.0,30,3595.95334
28.0,31,3598.900601
86.0,146,3612.293885
27.0,30,3615.180201
32.0,36,3618.181948
28.0,31,3621.122197
32.0,35,3624.220558
32.0,35,3626.833506
31.0,35,3629.431501
28.0,31,3632.168348
30.0,33,3634.745025
30.0,33,3638.394343
28.0,31,3640.787782
176.0,225,3662.380539
81.0,85,3669.922465
74.0,90,3677.996988
116.0,148,3692.064378
27.0,30,3695.014126
74.0,85,3702.500552
32.0,35,3706.159499
32.0,35,3709.193763
69.0,73,3715.89812
24.0,27,3718.797755
26.0,29,3721.105539
30.0,33,3724.115016
25.0,30,3727.017102
137.0,146,3740.50279
26.0,29,3743.399904
142.0,253,3767.522528
154.0,162,3782.491893
27.0,30,3785.419254
27.0,30,3787.763309
121.0,157,3802.520618
73.0,95,3811.385621
27.0,30,3814.329144
27.0,30,3816.674891
25.0,28,3819.581568
27.0,30,3822.578139
117.0,139,3835.195764
28.0,31,3838.121751
29.0,32,3841.109512
28.0,31,3844.081375
28.0,31,3847.037288
76.0,103,3856.390708
30.0,34,3859.94753
184.0,258,3883.99641
27.0,30,3886.896107
27.0,30,3889.198368
27.0,30,3892.127221
121.0,156,3906.745603
74.0,80,3913.850569
78.0,93,3921.027422
72.0,91,3928.746687
27.0,30,3930.826102
32.0,35,3934.148833
129.0,168,3947.904915
78.0,97,3955.56725
132.0,174,3969.626197
28.0,31,3972.212515
28.0,31,3974.252546
28.0,31,3976.773368
28.0,31,3979.327294
28.0,31,3981.850502
91.0,104,3990.23231
141.0,282,4012.653645
37.0,42,4016.361683
37.0,42,4019.577856
29.0,32,4022.125241
35.0,39,4025.296125
36.0,39,4028.487226
33.0,36,4031.092907
25.0,28,4033.606708
226.0,250,4053.320027
29.0,32,4055.851768
30.0,33,4058.409662
68.0,74,4064.148003
28.0,31,4066.656674
157.0,176,4080.672179
32.0,35,4083.256044
73.0,91,4090.805598
29.0,32,4093.351769
29.0,32,4095.88942
131.0,215,4113.047664
97.0,162,4125.944649
31.0,34,4128.536057
28.0,31,4131.078753
28.0,31,4133.628127
65.0,89,4140.593143
28.0,31,4143.112183
75.0,144,4154.592858
31.0,34,4157.176623
27.0,30,4159.75145
75.0,91,4166.793334
146.0,187,4181.957191
86.0,140,4193.138997
65.0,85,4200.099978
97.0,165,4212.914487
27.0,30,4215.438723
141.0,189,4230.754708
27.0,30,4233.271462
27.0,30,4235.27956
95.0,145,4247.387651
30.0,33,4250.514791
80.0,91,4257.608926
25.0,28,4259.627955
30.0,33,4262.694001
74.0,143,4273.751318
27.0,30,4276.274756
27.0,30,4278.851791
31.0,34,4281.463959
31.0,34,4284.043909
27.0,30,4286.543539
27.0,30,4289.072433
176.0,270,4311.123538
185.0,268,4332.478163
28.0,31,4335.130913
27.0,30,4337.698615
76.0,87,4344.868561
149.0,216,4362.082785
103.0,174,4375.672153
74.0,98,4383.867478
108.0,124,4393.470051
28.0,31,4395.975677
26.0,29,4398.466833
27.0,30,4400.497597
27.0,30,4402.974475
79.0,87,4410.167775
85.0,111,4419.029881
27.0,31,4421.656487
125.0,178,4436.090938
35.0,38,4439.20399
32.0,35,4441.841663
27.0,30,4444.322858
27.0,30,4446.82212
24.0,27,4448.767922
144.0,190,4464.040502
24.0,27,4465.986482
24.0,27,4468.442168
66.0,82,4474.840721
27.0,30,4477.51361
73.0,94,4484.736194
114.0,138,4496.251321
147.0,171,4509.783516
73.0,76,4515.581908
64.0,67,4521.260301
30.0,33,4523.86451
122.0,156,4536.707078
94.0,120,4546.43588
32.0,35,4549.55268
72.0,100,4557.346415
134.0,240,4576.607114
162.0,248,4596.553455
33.0,36,4599.75602
74.0,149,4611.444921
34.0,37,4614.643923
28.0,31,4617.184677
30.0,37,4620.320884
28.0,31,4622.335019
69.0,73,4628.622392
32.0,35,4631.245781
27.0,30,4633.768798
114.0,170,4647.124918
121.0,174,4661.064572
154.0,175,4674.995968
32.0,36,4677.599466
71.0,95,4685.208906
28.0,31,4687.72943
28.0,31,4690.257313
206.0,259,4710.620532
126.0,208,4727.010312
149.0,221,4744.771186
66.0,71,4750.46413
29.0,32,4753.016925
86.0,103,4760.877082
36.0,39,4763.995274
29.0,32,4766.603996
93.0,99,4774.777473
108.0,192,4789.993224
25.0,28,4791.961024
36.0,40,4795.102334
32.0,35,4798.169406
132.0,151,4809.674769
33.0,36,4812.757487
126.0,136,4823.42518
28.0,31,4825.917171
147.0,213,4842.472769
68.0,86,4849.386753
66.0,91,4857.043794
84.0,105,4865.296217
83.0,95,4872.863589
72.0,79,4878.623921
26.0,29,4881.116283
79.0,94,4888.602106
24.0,27,4890.570626
153.0,177,4904.454528
76.0,86,4911.406586
25.0,28,4913.860667
102.0,115,4922.78301
61.0,132,4933.016145
68.0,79,4939.382029
158.0,184,4953.918633
26.0,29,4956.409223
123.0,162,4969.132523
24.0,27,4971.658721
24.0,27,4973.616916
89.0,162,4986.516757
30.0,33,4989.099806
31.0,34,4992.154165
196.0,258,5012.42041
31.0,34,5014.956288
31.0,34,5017.493763
27.0,30,5019.996082
31.0,34,5022.527991
34.0,37,5025.608391
36.0,39,5028.714276
35.0,38,5031.861728
28.0,31,5033.859861
178.0,237,5052.789321
30.0,33,5055.310483
31.0,34,5057.908892
32.0,35,5060.981014
161.0,211,5077.492651
74.0,88,5084.511412
26.0,29,5087.021832
25.0,28,5089.006118
24.0,27,5091.483013
145.0,249,5111.373778
24.0,27,5113.318238
26.0,29,5115.816353
24.0,27,5117.747961
24.0,27,5120.211379
24.0,27,5122.165313
24.0,27,5124.106191
25.0,28,5126.584685
24.0,27,5128.524366
25.0,28,5130.995655
24.0,27,5132.940873
24.0,27,5134.871899
24.0,27,5137.294604
124.0,179,5151.728398
28.0,31,5154.248271
27.0,30,5156.732096
65.0,71,5162.450537
25.0,28,5164.404889
24.0,27,5166.826885
123.0,151,5178.305995
81.0,95,5185.84303
24.0,27,5188.270354
24.0,27,5190.231138
72.0,83,5196.58233
24.0,27,5199.01334
24.0,27,5200.967114
24.0,27,5203.39552
109.0,121,5212.974241
144.0,164,5225.774272
24.0,27,5228.301423
67.0,78,5234.050269
24.0,27,5236.480447
24.0,27,5238.392804
73.0,84,5245.247737
26.0,29,5247.209803
26.0,29,5249.692266
26.0,29,5251.654889
24.0,27,5254.093177
24.0,27,5256.050438
24.0,27,5258.543574
24.0,27,5260.5012
24.0,27,5262.425153
88.0,450,5298.296304
24.0,27,5300.23605
193.0,282,5322.273677
72.0,83,5329.067651
24.0,27,5331.051558
91.0,181,5345.488075
111.0,306,5369.542122
27.0,30,5372.090307
71.0,2005,5530.07048
152.0,229,5548.424281
24.0,27,5550.36338
24.0,27,5552.81894
195.0,251,5572.470908
135.0,204,5588.326696
31.0,34,5591.385701
31.0,34,5594.005161
146.0,376,5625.403358
24.0,27,5627.634506
28.0,31,5630.604078
63.0,83,5638.471064
30.0,36,5641.476323
78.0,207,5660.612494
101.0,270,5685.504975
86.0,96,5694.243198
24.0,27,5696.496372
29.0,32,5699.428889
24.0,27,5701.663402
24.0,27,5704.465672
24.0,27,5706.708787
25.0,28,5709.545937
24.0,27,5711.817203
65.0,71,5718.345719
115.0,138,5731.063158
24.0,27,5733.858579
25.0,28,5736.136355
70.0,75,5742.788753
27.0,30,5745.672106
24.0,27,5748.488835
270.0,508,5794.571219
24.0,27,5796.804837
78.0,144,5809.926035
75.0,79,5817.168961
137.0,537,5865.947385
179.0,182,5882.340179
24.0,27,5884.787331
26.0,30,5886.787559
24.0,27,5889.207613
25.0,28,5891.196714
25.0,28,5893.682702
29.0,32,5896.387263
26.0,29,5898.680981
80.0,90,5907.536172
25.0,29,5909.882155
25.0,28,5912.753072
27.0,30,5915.028366
26.0,29,5918.073012
26.0,29,5920.947973
156.0,174,5936.334223
27.0,30,5939.169318
27.0,30,5942.046552
77.0,95,5950.700298
76.0,101,5959.458216
86.0,98,5968.90132
25.0,28,5971.222767
31.0,34,5974.173702
26.0,29,5977.086351
28.0,31,5979.964694
28.0,31,5982.845193
26.0,29,5985.156044
139.0,177,6001.734414
24.0,27,6003.952603
27.0,30,6006.830449
78.0,87,6014.789822
24.0,27,6017.004707
139.0,192,6034.47912
28.0,31,6037.348204
29.0,32,6040.295059
25.0,28,6042.576038
25.0,28,6045.426704
27.0,30,6048.356536
155.0,244,6070.646226
38.0,41,6074.373987
37.0,40,6078.009774
64.0,67,6084.43725
29.0,32,6087.358233
37.0,40,6091.017145
33.0,36,6094.036253
71.0,102,6103.447083
28.0,31,6106.333051
75.0,87,6114.295718
97.0,358,6146.437785
24.0,27,6149.215718
24.0,27,6151.437486
29.0,33,6154.383816
24.0,27,6157.170222
25.0,28,6159.398826
26.0,29,6162.252185
71.0,97,6170.500411
24.0,27,6172.582385
95.0,282,6194.779264
28.0,31,6197.270494
99.0,182,6211.834724
66.0,83,6218.451164
24.0,27,6220.935794
86.0,230,6239.313972
62.0,72,6244.997481
70.0,75,6250.705098
24.0,27,6252.6326
25.0,28,6255.097733
25.0,28,6257.038116
25.0,28,6259.507762
25.0,28,6261.458072
144.0,206,6277.87692
80.0,177,6291.826879
123.0,151,6303.738921
130.0,160,6316.295952
24.0,27,6318.290938
24.0,27,6320.752936
134.0,358,6349.170707
24.0,27,6351.11307
24.0,27,6353.052257
24.0,28,6355.497548
150.0,272,6376.991973
73.0,78,6383.387549
128.0,136,6394.105218
121.0,188,6408.745463
24.0,27,6410.727459
65.0,75,6416.965715
150.0,169,6430.319648
26.0,29,6432.779342
116.0,209,6449.203875
147.0,195,6464.59238
26.0,30,6467.082799
74.0,86,6474.006484
70.0,84,6480.762354
26.0,29,6483.393676
70.0,160,6496.264208
30.0,34,6498.82387
24.0,27,6500.775283
24.0,27,6503.236292
90.0,153,6515.349745
124.0,217,6532.753478
77.0,132,6543.018535
69.0,104,6551.339768
71.0,95,6559.029381
61.0,70,6564.874465
71.0,123,6574.464881
76.0,119,6584.233653
72.0,102,6592.948006
133.0,195,6608.238499
25.0,28,6610.745381
74.0,98,6618.386473
25.0,28,6620.881841
69.0,88,6627.908015
24.0,27,6629.903526
24.0,27,6631.887683
27.0,30,6634.411051
26.0,31,6637.056382
26.0,31,6639.648542
67.0,86,6646.596182
26.0,29,6648.619559
25.0,28,6651.102124
144.0,217,6668.368799
24.0,27,6670.351884
69.0,94,6678.013761
28.0,31,6680.557637
174.0,237,6699.856125
29.0,32,6702.387555
28.0,31,6704.467993
24.0,27,6706.94563
110.0,204,6722.981369
24.0,27,6725.465991
24.0,27,6727.434449
24.0,27,6729.427115
149.0,160,6742.23305
28.0,31,6744.753066
24.0,27,6747.193214
24.0,27,6749.162052
24.0,27,6751.11219
24.0,27,6753.557625
24.0,27,6755.526978
24.0,27,6757.988956
25.0,28,6759.988913
24.0,27,6761.929828
24.0,27,6764.364226
26.0,29,6766.33789
74.0,96,6773.938146
28.0,31,6776.447078
24.0,27,6778.905174
28.0,31,6781.451791
78.0,97,6789.050144
26.0,31,6791.583425
24.0,27,6793.542208
26.0,31,6796.057529
25.0,28,6798.016367
26.0,31,6800.558673
108.0,178,6814.553937
27.0,30,6817.063384
177.0,198,6833.150274
25.0,28,6835.134498
66.0,69,6840.792429
86.0,138,6852.277882
138.0,178,6866.781707
175.0,238,6885.400176
26.0,31,6887.954202
121.0,140,6899.295557
28.0,31,6901.855
75.0,83,6908.25852
29.0,32,6910.821154
28.0,31,6913.360412
81.0,87,6920.348928
32.0,35,6922.932431
74.0,96,6930.638565
161.0,197,6946.631373
28.0,31,6949.194264
185.0,199,6964.932172
138.0,170,6978.810203
28.0,31,6981.498349
30.0,33,6984.026614
32.0,35,6986.579904
30.0,33,6989.122977
82.0,100,6997.327391
75.0,78,7003.173489
29.0,32,7005.698656
88.0,100,7013.900059
78.0,82,7020.336828
74.0,158,7033.168342
218.0,254,7053.575141
69.0,72,7059.305596
143.0,192,7074.772962
137.0,148,7086.332173
27.0,30,7088.826572
171.0,201,7104.792272
175.0,273,7126.437582
28.0,31,7128.947589
27.0,30,7131.519374
85.0,90,7138.569869
32.0,36,7141.746078
73.0,95,7148.944406
28.0,31,7151.497868
128.0,143,7162.960323
91.0,105,7171.223829
29.0,32,7173.793821
80.0,83,7180.755072
31.0,34,7183.326161
31.0,34,7186.035129
29.0,32,7188.575707
73.0,78,7194.975691
34.0,37,7198.108376
83.0,93,7205.209861
74.0,77,7211.523515
28.0,31,7214.050251
31.0,34,7216.650223
28.0,31,7219.172658
31.0,34,7221.754874
100.0,153,7233.920515
31.0,34,7236.550482
81.0,84,7243.578511
34.0,37,7246.721608
31.0,34,7249.304901
77.0,101,7257.052352
187.0,197,7273.010073
116.0,251,7292.962025
76.0,95,7300.645999
77.0,85,7307.692652
34.0,37,7310.856774
87.0,103,7318.77659
33.0,36,7321.924494
27.0,30,7324.488565
31.0,34,7327.139649
287.0,353,7355.612726
28.0,31,7358.154367
74.0,105,7366.552624
87.0,95,7374.264067
83.0,108,7382.661021
222.0,291,7406.487117
134.0,203,7422.620851
75.0,87,7429.755283
152.0,406,7462.862429
31.0,34,7465.568787
186.0,315,7490.694136
112.0,159,7503.459786
152.0,218,7521.203419
208.0,299,7545.077996
28.0,31,7547.627133
106.0,266,7568.960847
104.0,258,7589.414151
82.0,88,7596.484771
91.0,151,7608.626969
99.0,153,7620.823704
79.0,147,7632.944849
76.0,95,7640.600163
36.0,40,7643.802481
161.0,211,7660.559152
131.0,295,7684.212661
70.0,137,7695.013445
173.0,271,7716.517886
35.0,40,7719.666874
30.0,35,7722.244931
211.0,253,7742.484787
82.0,93,7749.606924
93.0,160,7762.207175
84.0,2005,7922.811778
88.0,93,7930.360376
34.0,37,7933.118639
37.0,41,7936.353131
215.0,325,7962.616373
28.0,31,7965.110624
94.0,158,7977.83979
83.0,116,7986.892944
72.0,78,7993.26035
88.0,156,8005.447854
152.0,180,8020.28787
58.0,61,8025.36092
28.0,31,8027.38888
166.0,211,8044.639137
29.0,32,8047.159269
82.0,142,8058.604022
161.0,175,8071.9321
86.0,154,8084.488463
124.0,149,8095.9891
114.0,153,8108.013197
79.0,2005,8280.519102
166.0,202,8299.005219
28.0,31,8302.00959
28.0,31,8304.931405
124.0,144,8318.138247
30.0,35,8321.08835
28.0,31,8324.012771
66.0,78,8331.312355
66.0,69,8337.822382
120.0,162,8352.586042
79.0,84,8360.126181
64.0,67,8366.737955
70.0,82,8374.069021
28.0,31,8376.990795
30.0,35,8379.956558
27.0,30,8382.86369
28.0,31,8385.767887
71.0,77,8393.142158
29.0,32,8396.068739
28.0,31,8398.367949
29.0,32,8401.318878
152.0,174,8417.317283
81.0,152,8431.247821
32.0,35,8434.788029
33.0,38,8437.782371
66.0,82,8445.467834
87.0,100,8453.152667
31.0,34,8455.714879
28.0,31,8458.222504
76.0,81,8464.619872
69.0,72,8470.303839
68.0,78,8476.669979
28.0,31,8479.184247
92.0,143,8490.612958
73.0,78,8497.052212
61.0,64,8502.18609
143.0,244,8521.55468
28.0,31,8524.142755
122.0,150,8537.643594
117.0,205,8556.069016
73.0,76,8563.61888
29.0,32,8566.51917
29.0,32,8569.414818
68.0,86,8577.425311
32.0,35,8580.397734
159.0,220,8600.264421
168.0,228,8621.276565
29.0,32,8624.200758
171.0,411,8661.477546
33.0,36,8665.033793
156.0,215,8684.632756
140.0,146,8697.868121
30.0,33,8700.78927
149.0,278,8726.251041
32.0,35,8729.250556
74.0,79,8736.526461
112.0,150,8750.526913
74.0,99,8759.273966
29.0,32,8762.486894
29.0,32,8765.500206
28.0,31,8768.396323
76.0,92,8777.161567
28.0,31,8779.49374
276.0,413,8814.843659
107.0,151,8826.817147
94.0,160,8839.493322
33.0,38,8842.629891
69.0,133,8852.77581
28.0,31,8855.330582
33.0,38,8858.605944
115.0,196,8873.926226
125.0,172,8888.543814
81.0,149,8900.581453
144.0,151,8912.129038
172.0,246,8931.737169
115.0,145,8943.058372
192.0,355,8971.236997
157.0,189,8985.674463
184.0,1371,9093.962605
29.0,32,9096.456748
68.0,89,9103.347458
29.0,32,9105.88504
70.0,80,9112.213537
130.0,175,9126.010479
134.0,162,9138.755733
136.0,292,9161.676917
35.0,38,9164.761589
100.0,377,9194.27164
58.0,61,9199.237857
124.0,182,9213.628109
175.0,199,9229.18416
138.0,167,9241.806105
33.0,38,9244.913625
68.0,90,9251.778816
151.0,193,9267.693671
145.0,182,9281.668879
122.0,194,9297.292976
28.0,31,9299.280617
71.0,94,9306.758656
130.0,184,9321.237185
142.0,262,9342.076143
166.0,177,9355.932067
65.0,68,9361.570889
77.0,94,9368.574167
132.0,172,9382.381519
177.0,764,9446.643651
101.0,261,9470.615615
93.0,155,9484.560538
192.0,211,9504.194654
29.0,32,9507.085663
33.0,36,9510.091568
29.0,32,9512.997489
85.0,94,9521.695357
160.0,206,9540.666
86.0,126,9551.753519
31.0,36,9555.32615
86.0,94,9564.100502
63.0,66,9569.907778
164.0,243,9591.911585
94.0,162,9607.039527
169.0,254,9629.646472
97.0,136,9642.082655
167.0,383,9676.824896
30.0,33,9679.366122
160.0,222,9697.553226
84.0,147,9710.9199
153.0,168,9726.279533
98.0,166,9741.91864
139.0,163,9757.147048
26.0,29,9759.492823
138.0,190,9777.289339
68.0,72,9783.891402
135.0,214,9803.579433
151.0,194,9821.247975
158.0,200,9839.753408
34.0,38,9843.411581
74.0,2005,10019.650252
78.0,105,10028.063522
68.0,74,10034.336816
163.0,235,10052.769966
158.0,236,10071.913271
94.0,176,10085.987471
142.0,191,10100.971692
176.0,227,10119.474276
87.0,140,10130.29281
203.0,284,10153.189226
74.0,143,10164.645078
152.0,197,10179.787247
111.0,132,10190.411906
27.0,30,10192.92371
103.0,169,10206.122845
81.0,101,10213.781609
166.0,245,10233.235861
75.0,84,10239.646915
34.0,37,10242.776787
114.0,193,10257.877516
33.0,36,10261.003281
77.0,103,10269.18947
68.0,2005,10427.138079
73.0,86,10434.023078
72.0,82,10440.31928
62.0,93,10447.85829
31.0,34,10450.388263
32.0,36,10453.476865
175.0,250,10472.948514
94.0,237,10491.231062
74.0,93,10498.710968
81.0,91,10505.6403
209.0,268,10527.123494
120.0,905,10598.641962
78.0,91,10606.029469
149.0,195,10621.746638
159.0,198,10637.954112
27.0,30,10640.132328
66.0,82,10647.568852
79.0,94,10655.714812
123.0,173,10671.965274
75.0,92,10680.003822
73.0,84,10687.901616
78.0,103,10697.346285
76.0,91,10705.393004
130.0,182,10722.219198
132.0,179,10738.331036
28.0,31,10741.233271
131.0,375,10775.691958
115.0,268,10800.200527
114.0,145,10813.169795
104.0,142,10825.705123
94.0,127,10837.313876
30.0,33,10840.228967
91.0,108,10850.362385
193.0,274,10875.136192
91.0,136,10887.540561
159.0,223,10908.115201
133.0,172,10923.664147
30.0,33,10926.217862
139.0,175,10940.230884
163.0,1700,11094.655109
74.0,80,11101.872399
69.0,72,11108.372379
30.0,33,11111.266873
89.0,143,11124.280083
27.0,30,11127.185298
58.0,61,11132.355584
30.0,33,11135.850328
74.0,87,11143.205367
180.0,239,11165.014584
81.0,94,11173.718944
30.0,35,11176.697316
73.0,83,11184.568109
78.0,517,11227.625421
171.0,293,11250.746646
83.0,151,11262.804212
175.0,241,11281.83763
103.0,154,11293.745144
76.0,86,11300.612904
104.0,211,11316.885776
130.0,152,11328.833792
67.0,76,11335.036324
31.0,34,11337.574158
82.0,101,11345.643917
29.0,32,11348.142025
80.0,83,11354.398326
104.0,147,11366.181549
58.0,61,11370.614829
63.0,66,11375.635005
309.0,576,11421.318532
103.0,167,11434.514391
30.0,33,11437.054984
92.0,1163,11529.692023
75.0,92,11536.773057
153.0,205,11553.08317
140.0,170,11566.356832
29.0,32,11568.875951
135.0,1318,11673.17964
63.0,66,11678.220631
90.0,124,11688.248154
28.0,31,11690.758644
192.0,261,11710.994053
125.0,274,11732.377392
164.0,511,11772.639237
69.0,74,11778.916988
95.0,141,11789.673305
30.0,36,11792.723819
141.0,179,11806.684425
33.0,36,11809.755117
81.0,106,11817.931602
68.0,137,11828.699251
30.0,35,11831.27235
30.0,33,11833.817846
93.0,104,11841.993268
77.0,87,11848.870456
82.0,87,11855.791188
30.0,33,11858.319857
90.0,158,11870.863703
82.0,92,11878.282867
27.0,30,11880.292965
133.0,236,11899.258987
85.0,143,11910.643094
152.0,178,11924.503501
82.0,97,11932.035171
95.0,132,11943.26929
28.0,31,11945.608575
81.0,92,11957.303903
75.0,94,11966.049662
73.0,88,11974.149835
163.0,220,11993.986909
129.0,142,12006.921841
33.0,36,12009.896994
142.0,171,12025.827388
30.0,33,12028.742274
34.0,37,12032.31599
83.0,173,12047.674746
30.0,33,12050.606493
74.0,82,12058.448193
318.0,1253,12172.061226
134.0,202,12190.167348
31.0,37,12193.797082
99.0,243,12215.807868
89.0,142,12228.934629
76.0,86,12236.994523
85.0,287,12263.480078
179.0,293,12290.092281
147.0,175,12306.267684
171.0,212,12326.421344
159.0,192,12341.913648
126.0,246,12362.365558
78.0,141,12375.133273
85.0,94,12384.236595
139.0,272,12409.16219
132.0,154,12423.939405
27.0,30,12426.819755
88.0,94,12435.500356
121.0,157,12449.418638
82.0,86,12457.394104
144.0,166,12472.801929
27.0,30,12475.661705
27.0,30,12478.00548
31.0,34,12481.577429
156.0,246,12503.451501
129.0,193,12520.807302
27.0,30,12523.689267
27.0,30,12526.551213
127.0,201,12544.69776
182.0,255,12567.769574
148.0,179,12583.916414
93.0,174,12600.217622
73.0,81,12607.548541
191.0,227,12627.798757
79.0,89,12634.97709
216.0,240,12654.140963
27.0,30,12656.144058
33.0,36,12659.230872
124.0,153,12671.24368
28.0,31,12673.743652
30.0,33,12676.295578
86.0,112,12685.082779
85.0,117,12694.522823
27.0,30,12696.520987
94.0,183,12710.994037
74.0,77,12717.256433
155.0,288,12740.396587
126.0,153,12752.911165
115.0,182,12767.520816
108.0,143,12778.822605
77.0,81,12785.092845
64.0,69,12790.162957
75.0,103,12798.287081
152.0,174,12811.994363
117.0,133,12822.603654
111.0,174,12835.926667
27.0,30,12838.398547
142.0,255,12858.782439
75.0,82,12865.181254
30.0,33,12867.728687
73.0,85,12874.566245
65.0,68,12880.119623
152.0,174,12893.397622
79.0,121,12902.767638
117.0,147,12914.650778
31.0,37,12917.234723
31.0,34,12920.252325
84.0,101,12927.869366
73.0,91,12935.329116
120.0,154,12947.39796
137.0,182,12961.780377
114.0,195,12977.148809
71.0,75,12982.84486
110.0,165,12995.970915
80.0,97,13003.559307
30.0,33,13006.058596
84.0,96,13013.605235
27.0,30,13016.096045
27.0,31,13018.572071
159.0,204,13034.239317
187.0,205,13050.491535
94.0,113,13059.244263
79.0,82,13065.540728
198.0,240,13084.252431
27.0,30,13086.725606
27.0,30,13089.184507
67.0,72,13094.903822
89.0,156,13106.955123
89.0,142,13118.218111
27.0,30,13120.698882
299.0,472,13157.678296
76.0,97,13165.201362
82.0,88,13172.068812
71.0,76,13178.231519
90.0,158,13190.187351
26.0,29,13192.649234
69.0,95,13200.192417
92.0,192,13215.342839
163.0,219,13232.278402
75.0,143,13243.575207
213.0,333,13270.085952
203.0,256,13290.585104
30.0,33,13293.129474
167.0,231,13311.528502
146.0,204,13327.349971
86.0,100,13335.643827
85.0,170,13349.027349
77.0,97,13356.643941
166.0,214,13374.147815
78.0,83,13381.521293
27.0,30,13384.421944
74.0,97,13393.246218
203.0,239,13415.174336
95.0,106,13424.708968
31.0,35,13428.287758
158.0,195,13445.938442
103.0,123,13456.320989
131.0,266,13477.884474
141.0,182,13493.833038
29.0,32,13496.774727
156.0,228,13517.80576
27.0,30,13520.669375
87.0,94,13528.745785
87.0,103,13538.272015
77.0,117,13549.07366
35.0,38,13552.726197
105.0,195,13570.029114
206.0,272,13594.817174
99.0,190,13612.194982
80.0,145,13625.163271
172.0,213,13644.005123
77.0,88,13651.892421
163.0,225,13672.754001
30.0,33,13675.662718
82.0,85,13682.979992
78.0,87,13690.910003
83.0,88,13698.845227
152.0,342,13730.186958
27.0,30,13733.085494
30.0,33,13736.034385
100.0,173,13753.660979
90.0,133,13764.790981
77.0,142,13776.192286
80.0,88,13783.358094
27.0,30,13785.853972
81.0,2005,13945.026254
28.0,31,13947.520272
89.0,162,13960.327526
79.0,97,13968.012315
121.0,683,14022.119772
68.0,84,14028.436236
75.0,100,14036.589475
109.0,168,14049.774853
82.0,92,14056.841315
31.0,34,14059.913619
73.0,83,14066.248703
146.0,193,14081.374044
119.0,161,14094.065825
65.0,68,14099.669828
88.0,102,14107.375401
107.0,184,14121.832435
81.0,120,14131.292009
28.0,31,14133.80539
28.0,31,14136.327023
154.0,175,14150.160851
28.0,31,14152.64066
65.0,68,14157.754058
123.0,233,14176.528389
63.0,73,14182.356318
175.0,250,14202.291623
159.0,172,14215.566317
320.0,366,14247.366785
67.0,70,14253.800379
118.0,140,14266.202569
102.0,265,14290.776243
127.0,1328,14411.29591
117.0,155,14425.120807
113.0,176,14441.204926
76.0,97,14449.903643
85.0,110,14460.026822
27.0,30,14462.920753
30.0,33,14465.907006
114.0,151,14479.564367
164.0,200,14496.748268
30.0,33,14499.427369
118.0,186,14514.004974
107.0,172,14527.358866
92.0,321,14553.368444
173.0,1283,14664.718427
70.0,77,14672.007515
69.0,80,14679.346712
81.0,118,14689.659792
167.0,205,14708.744607
27.0,30,14711.628269
171.0,471,14755.01066
26.0,30,14757.3535
169.0,220,14777.762929
30.0,33,14780.70641
86.0,144,14793.941102
71.0,149,14807.825932
139.0,183,14824.212322
126.0,139,14837.354021
30.0,35,14840.293189
63.0,69,14846.851252
142.0,192,14864.570094
31.0,34,14867.55578
72.0,75,14874.208626
77.0,84,14882.221096
76.0,91,14890.361878
78.0,92,14899.078288
30.0,33,14902.035658
31.0,34,14905.016822
92.0,136,14917.556091
29.0,32,14920.512071
79.0,85,14928.555251
32.0,35,14931.556864
32.0,35,14935.144325
171.0,212,14954.422002
28.0,31,14957.35561
34.0,39,14961.085751
32.0,35,14964.146905
141.0,178,14980.413348
32.0,35,14984.28704
78.0,94,14993.714243
31.0,34,14996.880194
32.0,35,14999.912015
35.0,38,15003.660921
72.0,80,15011.105484
35.0,38,15014.818896
33.0,39,15018.452264
33.0,38,15021.52493
127.0,152,15035.489936
34.0,37,15039.272261
29.0,32,15042.240984
126.0,218,15062.174484
31.0,34,15065.219204
125.0,140,15078.832944
83.0,93,15087.857685
84.0,147,15101.350211
34.0,37,15104.939611
32.0,37,15107.948278
80.0,83,15116.030894
127.0,151,15129.462457
203.0,215,15149.409634
29.0,32,15152.354433
31.0,35,15155.916646
82.0,106,15165.512612
30.0,33,15168.501056
166.0,197,15187.461618
143.0,183,15204.321208
87.0,141,15217.124503
65.0,68,15223.743978
121.0,219,15243.573581
162.0,199,15259.505716
81.0,140,15270.419988
152.0,310,15295.456718
30.0,33,15298.012632
69.0,85,15305.028919
62.0,65,15310.142724
178.0,188,15325.32416
97.0,153,15337.495348
67.0,90,15344.809138
118.0,195,15360.381591
123.0,129,15370.725836
125.0,136,15381.717422
32.0,35,15385.01162
72.0,82,15391.475547
30.0,35,15394.079949
90.0,117,15403.775004
30.0,33,15406.360141
30.0,35,15409.472438
123.0,160,15422.306865
65.0,74,15428.165654
31.0,34,15430.757972
30.0,35,15433.392477
176.0,207,15450.04311
68.0,72,15455.806736
30.0,33,15458.403615
64.0,67,15464.17027
107.0,172,15477.839251
159.0,196,15493.854053
83.0,101,15501.567772
85.0,102,15509.764275
65.0,71,15515.439901
78.0,85,15522.418955
62.0,65,15527.589443
63.0,72,15533.317363
144.0,166,15547.680326
32.0,35,15550.261951
158.0,226,15568.392538
177.0,232,15586.885543
147.0,198,15602.869513
30.0,33,15605.530469
121.0,204,15622.051814
150.0,206,15638.210877
80.0,133,15648.97249
117.0,211,15665.598656
27.0,30,15668.202651
121.0,188,15683.355448
64.0,67,15688.502236
117.0,219,15705.730996
80.0,222,15723.705487
26.0,29,15726.310799
29.0,35,15728.905293
25.0,28,15731.400811
70.0,142,15742.497268
58.0,61,15747.515889
109.0,149,15759.488023
26.0,29,15761.467323
27.0,30,15763.985606
110.0,158,15776.746234
66.0,70,15781.968679
127.0,156,15794.662321
28.0,31,15797.169466
107.0,118,15806.762094
102.0,143,15817.814649
27.0,30,15820.340176
112.0,133,15831.201182
27.0,30,15833.747069
28.0,31,15835.786927
27.0,30,15838.311734
152.0,277,15860.954623
29.0,32,15863.575066
68.0,75,15869.809918
27.0,30,15872.782601
120.0,214,15892.808411
136.0,184,15909.950386
26.0,29,15912.275296
122.0,164,15927.872434
90.0,165,15942.816185
27.0,30,15945.772679
27.0,30,15948.699974
126.0,180,15965.071316
27.0,30,15967.974028
115.0,128,15979.945712
284.0,434,16020.58212
73.0,83,16028.705958
27.0,30,16031.613394
71.0,82,16039.106185
27.0,30,16042.031661
113.0,134,16054.002291
60.0,71,16060.651347
27.0,30,16063.572681
27.0,30,16066.490088
27.0,30,16068.832838
27.0,30,16071.813816
27.0,30,16074.749238
111.0,149,16089.362756
27.0,30,16091.800838
150.0,189,16109.670306
89.0,135,16122.33408
27.0,30,16125.236119
27.0,30,16127.550893
147.0,163,16141.74404
106.0,124,16151.484618
117.0,205,16169.842719
27.0,30,16172.768687
60.0,63,16178.128886
108.0,119,16189.320537
26.0,29,16192.268326
117.0,140,16204.962539
73.0,86,16213.143577
31.0,35,16216.755383
76.0,79,16223.158698
27.0,30,16225.743737
30.0,36,16228.942765
27.0,30,16231.078449
116.0,154,16245.578092
79.0,145,16259.282279
145.0,201,16278.041344
91.0,161,16292.950924
69.0,73,16299.792372
128.0,168,16315.501446
27.0,30,16318.405076
128.0,178,16334.959657
27.0,30,16337.904947
103.0,151,16352.007878
185.0,230,16373.619977
81.0,115,16384.177737
26.0,29,16387.106112
136.0,174,16402.923835
72.0,76,16410.258178
119.0,154,16424.560735
30.0,33,16427.561914
29.0,32,16430.529215
70.0,74,16437.249229
85.0,117,16448.283538
163.0,230,16470.207664
141.0,229,16491.285377
85.0,139,16504.587106
69.0,86,16512.005407
114.0,158,16524.627625
26.0,29,16527.202873
149.0,166,16540.967972
111.0,119,16550.703024
27.0,30,16552.755931
154.0,237,16572.460912
115.0,190,16587.976021
138.0,159,16600.992571
30.0,35,16603.704703
91.0,137,16614.686799
148.0,168,16628.285918
74.0,85,16635.295819
159.0,181,16649.462406
67.0,76,16655.768709
130.0,154,16668.028363
26.0,29,16670.592203
30.0,33,16673.191276
29.0,34,16675.763869
28.0,34,16678.368611
119.0,138,16689.795517
195.0,205,16705.964101
25.0,28,16708.454002
67.0,87,16715.486582
26.0,29,16717.4899
56.0,59,16722.477662
128.0,134,16733.037582
150.0,161,16745.844938
149.0,159,16758.549643
114.0,161,16771.328051
29.0,35,16774.448575
135.0,206,16791.194025
134.0,178,16805.158625
110.0,132,16815.394095
30.0,35,16818.499323
30.0,35,16821.053833
120.0,132,16831.936977
85.0,133,16842.188759
85.0,141,16853.831272
63.0,66,16858.964786
126.0,181,16873.64288
30.0,33,16876.22602
206.0,288,16899.655945
26.0,29,16901.640426
25.0,28,16904.16705
66.0,72,16909.887338
27.0,30,16912.385452
30.0,33,16914.97892
202.0,247,16934.977772
30.0,33,16937.572536
120.0,160,16950.40837
25.0,28,16952.386211
154.0,196,16968.420943
65.0,68,16973.663438
25.0,28,16976.157029
30.0,33,16978.839644
138.0,160,16992.224911
103.0,109,17001.63047
79.0,94,17010.138142
58.0,61,17016.155527
71.0,142,17029.653863
78.0,87,17037.756639
72.0,99,17046.672586
58.0,61,17052.475063
128.0,157,17066.701814
154.0,194,17084.465843
29.0,35,17088.061708
26.0,29,17090.404065
114.0,151,17104.457245
26.0,29,17107.34772
28.0,34,17110.307571
151.0,163,17125.690201
61.0,65,17131.621758
36.0,42,17135.326427
85.0,137,17147.903221
155.0,188,17165.441464
91.0,138,17178.119276
61.0,64,17184.029798
82.0,93,17192.250657
69.0,134,17204.763248
135.0,171,17221.036845
137.0,217,17241.129056
134.0,155,17255.144791
122.0,161,17269.516994
107.0,168,17283.032057
139.0,156,17295.904038
30.0,33,17298.499903
92.0,141,17309.503894
115.0,154,17322.487284
126.0,174,17339.951274
67.0,72,17347.169945
30.0,35,17350.900874
125.0,162,17365.947139
77.0,91,17374.137203
135.0,201,17393.528891
117.0,233,17414.930225
78.0,87,17423.048274
127.0,259,17446.773311
146.0,171,17462.594028
26.0,29,17465.57241
90.0,164,17480.766386
30.0,33,17484.369927
175.0,189,17501.626244
113.0,131,17514.204458
56.0,59,17519.455564
177.0,193,17537.476283
123.0,208,17556.771011
66.0,76,17564.209639
28.0,34,17567.297897
26.0,29,17569.650486
26.0,29,17572.587896
26.0,29,17575.554376
125.0,245,17598.267486
26.0,29,17601.203985
141.0,183,17617.571095
75.0,135,17628.774207
69.0,82,17635.324869
30.0,33,17637.955532
141.0,192,17653.49649
83.0,131,17663.933999
117.0,149,17676.185566
192.0,266,17697.886215
123.0,151,17710.431055
118.0,224,17728.662495
164.0,190,17744.170754
70.0,81,17750.585501
28.0,32,17753.170121
30.0,35,17755.785348
57.0,60,17760.86614
112.0,127,17771.073782
63.0,83,17777.528641
71.0,134,17788.432928
26.0,29,17790.951452
57.0,60,17795.475129
187.0,271,17817.507925
83.0,164,17830.371532
26.0,29,17832.893677
56.0,59,17837.481327
131.0,138,17848.887439
62.0,86,17855.372832
132.0,218,17873.162575
58.0,61,17877.680676
87.0,233,17896.330759
29.0,33,17899.505799
153.0,171,17913.071276
26.0,29,17915.618788
102.0,228,17933.581873
30.0,35,17936.171531
71.0,156,17948.945197
106.0,153,17961.287306
70.0,73,17967.140147
86.0,156,17979.9076
57.0,60,17984.451971
71.0,83,17991.456872
123.0,205,18007.596518
96.0,141,18019.124749
108.0,164,18032.044978
121.0,166,18045.56825
30.0,35,18048.206575
119.0,152,18060.423056
61.0,84,18067.411302
145.0,239,18087.151904
80.0,120,18096.858918
74.0,78,18103.223222
203.0,230,18123.967701
91.0,147,18138.045424
156.0,177,18154.406692
26.0,29,18156.706739
66.0,75,18164.022153
26.0,29,18166.319774
62.0,65,18172.815231
29.0,34,18175.818258
25.0,28,18178.091158
130.0,180,18195.065318
113.0,141,18207.732012
163.0,203,18227.045833
27.0,30,18229.966208
66.0,78,18236.703722
71.0,75,18243.989127
128.0,152,18258.25467
64.0,67,18264.300223
82.0,106,18273.983669
66.0,79,18281.407198
156.0,202,18300.004251
26.0,29,18302.919281
95.0,145,18316.28537
67.0,82,18323.715213
32.0,37,18327.375835
29.0,32,18330.323065
30.0,36,18333.980379
198.0,247,18356.474978
57.0,60,18362.262684
151.0,193,18379.230474
85.0,113,18388.263203
100.0,161,18401.34284
64.0,67,18407.06015
60.0,63,18412.17465
130.0,155,18424.508575
28.0,31,18427.104845
84.0,118,18436.732039
90.0,172,18450.596047
31.0,36,18453.92139
29.0,33,18456.885741
138.0,175,18473.536346
88.0,128,18485.545326
26.0,29,18487.985445
83.0,142,18501.498576
134.0,263,18526.000024
27.0,30,18528.922125
84.0,126,18540.212503
124.0,170,18556.392929
26.0,29,18558.688993
102.0,173,18574.915034
57.0,60,18580.185745
26.0,30,18583.170579
140.0,175,18599.900806
123.0,185,18617.041204
298.0,469,18660.787707
72.0,79,18668.252095
27.0,30,18670.599023
195.0,234,18692.858628
145.0,196,18711.274126
154.0,305,18737.248821
28.0,31,18739.835442
96.0,137,18750.865941
125.0,213,18768.402174
79.0,88,18775.510815
84.0,89,18782.636807
185.0,226,18800.842199
78.0,81,18807.279869
95.0,121,18817.204235
134.0,144,18828.857509
69.0,73,18835.177801
73.0,84,18841.60868
26.0,29,18844.098358
117.0,194,18859.456475
26.0,29,18861.967166
69.0,85,18868.407502
134.0,166,18881.793657
140.0,163,18894.606539
64.0,86,18901.578784
28.0,31,18904.111426
97.0,132,18914.393076
68.0,71,18920.067823
143.0,216,18937.278336
113.0,130,18948.270182
159.0,240,18967.588435
119.0,178,18981.780876
26.0,29,18983.792915
92.0,133,18994.629257
29.0,32,18997.187588
26.0,29,18999.743763
80.0,142,19010.752828
67.0,70,19016.516805
148.0,153,19028.861943
180.0,232,19047.57329
131.0,136,19058.462906
65.0,68,19064.196963
118.0,130,19074.622267
136.0,187,19089.402375
65.0,68,19095.15467
26.0,29,19097.645707
123.0,194,19113.096913
174.0,191,19128.498683
126.0,155,19140.755709
64.0,67,19144.35717
64.0,67,19145.430732
64.0,67,19146.384552
64.0,67,19147.277169
64.0,67,19148.063941
30.0,33,19151.581062
194.0,224,19170.468895
74.0,77,19176.473281
70.0,134,19188.520629
126.0,186,19205.571395
26.0,29,19208.451502
149.0,227,19229.201433
181.0,209,19248.576333
76.0,89,19256.792576
31.0,35,19260.392393
26.0,29,19262.716235
71.0,143,19276.192005
157.0,181,19293.04681
69.0,85,19301.06019
73.0,81,19308.630353
116.0,158,19322.837761
93.0,128,19334.831385
28.0,31,19337.759311
71.0,93,19346.519257
29.0,32,19349.456414
166.0,194,19367.333403
127.0,182,19384.371473
31.0,34,19387.380633
26.0,29,19390.272802
67.0,71,19396.908685
135.0,210,19416.245795
33.0,36,19419.282312
185.0,214,19439.424326
68.0,75,19446.868666
192.0,224,19468.00369
69.0,72,19474.028181
89.0,135,19484.69558
29.0,32,19487.262886
158.0,223,19505.361026
26.0,29,19508.019544
30.0,33,19510.604582
65.0,68,19516.339076
29.0,32,19518.897579
29.0,32,19521.47143
97.0,149,19533.227208
106.0,238,19552.813662
134.0,211,19570.016956
147.0,158,19583.12912
259.0,335,19610.918939
73.0,91,19618.044066
102.0,147,19630.258398
36.0,40,19633.46034
74.0,77,19639.31566
27.0,30,19641.864698
116.0,156,19654.752678
138.0,150,19666.4308
28.0,31,19669.013804
132.0,184,19684.019857
88.0,150,19696.183009
31.0,34,19698.790874
82.0,87,19706.019725
122.0,183,19720.935919
110.0,124,19730.669125
79.0,144,19742.277365
113.0,172,19756.366328
28.0,31,19758.937872
28.0,31,19761.483504
115.0,223,19779.542486
73.0,96,19787.203483
143.0,158,19799.547386
90.0,153,19811.964707
26.0,29,19814.861308
27.0,31,19817.82451
80.0,154,19832.041965
62.0,65,19838.162843
150.0,177,19854.620564
109.0,172,19870.894953
72.0,138,19883.575584
28.0,31,19886.55181
28.0,31,19889.523453
28.0,31,19892.446454
188.0,198,19911.223656
31.0,34,19914.221444
26.0,29,19916.570361
145.0,165,19932.337609
28.0,31,19935.384142
127.0,255,19959.367621
26.0,29,19961.724547
91.0,164,19977.433604
26.0,29,19980.357446
79.0,85,19987.997847
71.0,138,20000.854083
28.0,31,20003.835266
68.0,80,20011.352535
27.0,30,20014.376431
76.0,90,20022.716265
72.0,87,20030.994012
26.0,29,20033.931249
29.0,34,20036.963718
117.0,292,20064.779614
26.0,29,20066.886153
115.0,141,20079.825901
29.0,32,20082.88256
61.0,64,20088.931141
147.0,158,20103.979375
30.0,33,20107.043831
69.0,134,20119.230635
26.0,29,20122.173087
71.0,74,20129.00554
26.0,29,20131.945602
30.0,35,20135.041551
189.0,305,20163.663389
26.0,29,20166.623105
29.0,32,20169.635829
75.0,81,20177.194784
68.0,145,20190.793684
34.0,37,20194.530238
121.0,157,20210.124104
60.0,63,20215.593413
28.0,31,20218.542361
26.0,29,20221.478283
30.0,33,20224.536319
163.0,221,20245.334011
158.0,659,20306.518637
58.0,61,20312.460193
78.0,85,20320.017683
29.0,32,20323.000113
76.0,113,20333.581401
36.0,40,20337.325042
75.0,2005,20523.82617
76.0,88,20532.074777
167.0,179,20548.707891
33.0,37,20552.410697
142.0,153,20566.691457
61.0,64,20572.681748
144.0,169,20588.686974
133.0,267,20614.127334
30.0,33,20617.128243
69.0,89,20625.277999
28.0,31,20628.238447
128.0,199,20644.560791
28.0,31,20647.143247
85.0,93,20654.376717
26.0,29,20656.906137
104.0,473,20695.399941
32.0,35,20698.095219
178.0,422,20732.717409
118.0,157,20745.648377
114.0,136,20756.716731
121.0,161,20769.658824
95.0,147,20781.363429
28.0,31,20783.961606
151.0,1963,20942.559179
28.0,31,20945.571399
28.0,31,20948.414474
60.0,63,20953.666491
26.0,29,20956.204614
28.0,31,20958.91134
31.0,34,20961.538039
118.0,157,20974.053648
27.0,30,20976.605523
148.0,1886,21128.712068
109.0,291,21151.950166
77.0,120,21161.690217
125.0,161,21174.565311
87.0,120,21184.1392
28.0,31,21186.652473
89.0,128,21196.980342
131.0,160,21209.936861
27.0,30,21212.443815
136.0,180,21227.185006
29.0,32,21229.738948
192.0,253,21250.050288
112.0,258,21270.609553
61.0,64,21275.713341
168.0,227,21294.291306
30.0,33,21296.885176
65.0,70,21302.635999
26.0,29,21304.653412
143.0,205,21321.552234
29.0,32,21324.322293
125.0,160,21338.165361
100.0,170,21353.468275
113.0,160,21368.834037
26.0,29,21371.75339
27.0,30,21374.689921
126.0,380,21410.227536
154.0,185,21427.977264
29.0,33,21430.992346
78.0,95,21439.905757
80.0,149,21454.186835
30.0,33,21457.257507
177.0,296,21484.873593
31.0,34,21487.877992
30.0,33,21490.856981
68.0,71,21497.616758
28.0,31,21500.614792
120.0,132,21513.258205
64.0,70,21519.383515
73.0,79,21527.006802
159.0,620,21585.55652
27.0,30,21587.933322
80.0,93,21596.779025
85.0,93,21605.608017
87.0,91,21613.603334
83.0,92,21621.572522
202.0,1679,21757.57518
28.0,31,21760.13755
26.0,29,21762.687423
80.0,98,21770.467044
101.0,139,21781.999426
28.0,31,21784.066421
73.0,86,21791.126567
166.0,238,21810.469588
77.0,93,21818.183218
28.0,34,21820.880252
75.0,83,21827.37658
30.0,34,21830.011375
102.0,250,21850.586482
166.0,185,21865.760932
73.0,79,21872.139597
75.0,79,21878.606382
160.0,279,21900.729806
84.0,145,21912.86967
31.0,34,21915.497543
325.0,475,21953.964482
30.0,33,21956.977944
28.0,32,21959.594956
28.0,31,21962.266137
28.0,31,21964.85882
30.0,35,21967.511519
66.0,69,21973.317141
77.0,85,21980.430816
75.0,85,21987.007082
26.0,29,21989.531126
29.0,32,21992.136961
74.0,129,22002.48971
79.0,94,22010.208359
28.0,32,22012.797505
132.0,153,22025.130278
26.0,29,22027.624553
28.0,31,22029.671295
30.0,34,22032.834852
70.0,97,22040.577311
26.0,29,22042.584951
102.0,239,22062.034615
108.0,164,22075.730887
26.0,29,22077.804041
91.0,154,22092.023711
28.0,31,22094.990505
28.0,31,22097.366144
28.0,31,22100.348979
328.0,367,22134.883688
81.0,101,22144.582387
152.0,234,22166.391182
128.0,154,22180.773324
27.0,30,22183.745093
27.0,30,22186.694523
81.0,149,22200.731403
73.0,82,22208.812625
81.0,110,22218.689794
28.0,32,22221.750166
28.0,31,22224.761415
26.0,29,22227.698933
29.0,32,22230.710405
29.0,33,22233.717471
26.0,29,22236.665606
29.0,32,22239.751302
29.0,32,22242.774914
80.0,86,22250.483562
99.0,318,22280.68648
157.0,234,22302.56213
124.0,194,22321.991836
26.0,29,22324.386872
26.0,29,22327.343656
26.0,29,22330.309271
86.0,184,22347.509385
81.0,92,22355.03762
151.0,253,22376.16046
28.0,31,22378.757921
30.0,33,22381.352939
283.0,396,22413.518757
28.0,31,22416.128981
80.0,83,22422.720365
29.0,32,22425.33006
77.0,93,22433.307551
27.0,30,22435.909042
135.0,161,22448.899378
29.0,33,22451.473319
177.0,185,22466.361394
73.0,81,22472.793299
72.0,125,22482.975858
26.0,29,22485.49053
26.0,29,22487.47859
27.0,30,22490.028668
99.0,150,22502.184536
92.0,154,22514.807058
166.0,215,22532.213737
27.0,30,22534.748199
27.0,30,22536.775269
158.0,196,22552.761791
27.0,30,22555.288057
26.0,29,22557.316052
70.0,78,22563.803396
154.0,180,22578.039826
28.0,31,22580.629477
26.0,29,22583.149209
26.0,29,22585.687985
77.0,83,22592.228553
69.0,94,22599.933406
27.0,30,22601.98238
100.0,137,22613.491137
26.0,29,22615.517213
94.0,102,22623.918947
27.0,30,22626.460754
28.0,31,22629.040275
31.0,34,22631.640022
101.0,151,22643.932395
29.0,32,22646.51245
81.0,86,22653.025717
28.0,31,22655.590366
31.0,34,22658.732904
28.0,31,22660.784939
26.0,29,22663.301872
80.0,149,22675.574995
145.0,199,22691.818042
27.0,30,22693.851392
88.0,93,22701.535212
30.0,33,22704.154957
70.0,94,22711.844411
26.0,30,22714.369557
78.0,85,22720.961827
28.0,31,22723.529264
29.0,32,22726.092461
77.0,81,22732.591548
28.0,31,22735.167121
61.0,70,22741.120027
28.0,31,22744.148541
28.0,31,22747.098429
78.0,82,22753.857037
28.0,31,22756.5135
84.0,98,22764.36419
28.0,31,22767.037153
80.0,130,22777.405245
78.0,119,22787.190093
32.0,35,22789.823735
92.0,116,22799.484122
34.0,37,22802.207277
149.0,212,22819.90071
116.0,356,22848.752418
27.0,30,22851.353005
29.0,32,22853.991768
32.0,35,22857.200111
30.0,33,22859.823966
79.0,99,22867.786482
25.0,28,22870.639717
27.0,30,22872.747228
86.0,92,22880.49496
107.0,158,22893.530672
88.0,94,22900.866859
32.0,35,22904.011996
112.0,156,22916.478956
72.0,133,22927.571058
134.0,201,22944.115497
29.0,32,22946.710047
29.0,32,22949.330688
29.0,32,22951.912826
28.0,31,22954.519561
28.0,31,22957.107544
28.0,31,22959.713248
28.0,31,22961.783653
36.0,39,22965.102226
27.0,30,22967.66948
131.0,171,22981.46361
27.0,30,22984.030497
27.0,30,22986.613631
31.0,34,22989.235254
162.0,456,23026.49668
31.0,34,23029.161705
31.0,34,23032.349754
31.0,34,23035.004103
31.0,34,23037.648594
70.0,78,23044.211313
120.0,128,23054.787108
31.0,34,23057.420875
27.0,30,23060.031877
123.0,195,23075.929081
72.0,87,23083.093031
126.0,167,23096.873743
28.0,31,23099.482254
27.0,30,23102.06806
79.0,139,23113.321594
28.0,31,23115.961476
114.0,182,23131.041627
28.0,31,23133.681327
132.0,159,23146.271544
78.0,97,23154.651685
28.0,31,23156.750918
131.0,211,23174.653505
77.0,83,23181.24649
80.0,85,23188.43513
38.0,41,23191.737448
27.0,30,23194.362686
31.0,34,23197.017815
150.0,318,23223.431807
102.0,156,23235.952927
30.0,33,23238.561204
30.0,33,23241.236461
26.0,29,23243.781293
26.0,29,23246.321883
29.0,32,23248.931188
27.0,30,23250.941755
116.0,186,23266.426282
27.0,30,23268.6108
76.0,98,23276.636378
109.0,289,23299.766131
115.0,318,23324.409767
152.0,248,23343.507155
76.0,93,23350.379974
156.0,189,23365.108971
82.0,95,23372.470544
231.0,255,23392.249242
110.0,215,23408.400096
27.0,30,23410.886591
127.0,188,23425.756052
27.0,30,23427.828353
27.0,30,23430.250391
26.0,29,23432.662608
31.0,34,23435.166683
27.0,30,23437.905573
69.0,90,23445.879327
87.0,149,23459.375221
26.0,29,23461.609243
112.0,121,23472.460902
25.0,28,23475.259412
117.0,170,23490.356749
59.0,62,23496.042311
171.0,190,23513.217683
26.0,29,23515.473605
26.0,29,23518.286078
112.0,171,23533.613058
141.0,181,23550.301506
27.0,30,23553.152225
113.0,136,23565.63481
106.0,118,23575.798604
173.0,219,23596.029169
120.0,156,23609.741667
27.0,30,23612.615973
30.0,34,23615.529139
27.0,30,23618.401056
72.0,143,23631.388299
26.0,29,23634.199997
27.0,30,23636.449974
115.0,143,23649.344608
70.0,74,23656.070527
30.0,34,23659.539241
30.0,33,23662.419536
27.0,30,23665.312791
30.0,33,23668.316759
33.0,36,23671.252899
87.0,93,23679.878816
30.0,33,23682.938761
27.0,30,23685.464263
103.0,255,23706.573498
27.0,30,23708.860379
27.0,30,23711.740199
66.0,69,23718.186523
27.0,30,23720.447434
86.0,141,23733.448147
27.0,31,23736.312521
30.0,34,23739.292508
27.0,30,23742.297464
90.0,139,23754.6145
28.0,31,23757.481826
25.0,28,23760.284364
161.0,280,23785.413259
118.0,141,23797.897605
74.0,77,23804.979614
28.0,31,23807.820011
27.0,30,23810.660705
31.0,34,23813.554959
27.0,30,23816.396388
27.0,30,23818.656306
126.0,253,23841.617339
127.0,159,23855.936263
30.0,34,23858.840526
30.0,34,23861.737736
127.0,160,23876.165708
68.0,80,23883.365438
73.0,80,23890.601035
32.0,35,23894.149578
26.0,29,23896.436421
27.0,30,23899.336695
30.0,34,23902.252337
107.0,139,23915.267456
133.0,269,23939.319072
78.0,90,23947.772449
106.0,159,23960.352587
31.0,34,23963.330633
28.0,31,23965.796849
28.0,31,23967.766534
28.0,31,23970.193151
32.0,36,23973.234434
117.0,133,23983.230454
56.0,59,23988.101467
28.0,31,23990.582487
159.0,169,24003.647193
117.0,153,24015.409456
61.0,64,24020.355015
27.0,30,24022.809732
27.0,30,24024.729385
30.0,34,24027.731582
27.0,30,24029.66497
26.0,29,24032.110153
76.0,106,24040.12702
27.0,30,24042.650237
28.0,31,24045.137201
93.0,139,24055.866461
109.0,187,24070.610434
27.0,30,24072.585207
27.0,30,24075.010522
28.0,31,24077.494257
113.0,120,24086.777122
62.0,65,24091.755305
68.0,95,24099.150462
76.0,148,24110.903938
27.0,30,24112.86283
26.0,29,24115.28765
28.0,31,24117.721113
28.0,31,24120.173848
168.0,177,24134.419018
28.0,31,24136.871223
148.0,246,24155.55952
30.0,33,24158.578392
27.0,30,24160.519698
149.0,192,24175.465715
134.0,165,24188.434898
67.0,70,24193.99068
31.0,34,24196.501152
26.0,29,24199.011126
26.0,29,24200.951884
74.0,89,24207.876805
26.0,29,24210.321956
79.0,96,24217.780332
64.0,73,24223.420213
73.0,76,24229.62807
26.0,29,24231.621511
29.0,32,24234.102351
73.0,85,24240.90024
80.0,144,24252.025152
30.0,33,24254.526364
26.0,29,24256.966462
27.0,30,24258.934617
26.0,29,24261.373196
27.0,30,24263.825874
29.0,32,24266.315653
28.0,31,24268.818111
224.0,251,24288.15776
114.0,120,24297.622755
97.0,159,24310.232792
73.0,87,24317.840023
179.0,360,24350.418995
164.0,229,24370.793361
32.0,35,24374.300731
31.0,34,24377.208945
32.0,35,24380.138069
32.0,35,24383.626734
88.0,96,24392.277212
84.0,114,24402.37722
173.0,212,24421.160349
26.0,29,24423.992731
68.0,71,24430.559846
30.0,33,24433.550844
33.0,36,24437.086344
33.0,36,24440.058417
33.0,36,24443.578006
28.0,31,24445.851922
30.0,33,24449.341588
30.0,33,24452.231852
154.0,197,24469.579895
58.0,61,24475.284631
73.0,79,24482.574122
28.0,31,24485.472399
149.0,158,24499.328283
27.0,30,24502.177695
27.0,30,24505.018055
27.0,31,24507.895402
28.0,31,24510.742735
68.0,71,24517.180505
75.0,90,24525.094359
29.0,32,24527.960656
31.0,37,24530.944701
31.0,35,24534.434362
136.0,168,24550.53685
31.0,35,24553.513889
103.0,192,24569.708177
28.0,31,24572.186244
145.0,246,24592.81719
31.0,34,24595.719455
114.0,201,24613.701599
161.0,204,24632.53117
60.0,63,24638.29179
28.0,31,24640.566664
28.0,31,24643.443996
28.0,31,24646.337221
146.0,206,24664.903828
28.0,31,24667.412765
27.0,30,24670.11787
132.0,194,24685.77308
32.0,35,24688.733121
33.0,36,24692.392219
32.0,35,24695.491954
124.0,167,24710.849852
31.0,36,24713.792084
28.0,31,24716.660516
230.0,303,24744.157748
29.0,32,24747.017129
31.0,34,24749.881429
31.0,34,24753.364146
59.0,62,24758.490893
29.0,32,24761.388136
30.0,33,24764.832879
72.0,78,24771.39934
33.0,36,24774.896986
36.0,42,24778.539237
33.0,36,24782.039865
145.0,166,24796.483567
29.0,32,24799.43229
98.0,166,24814.41763
164.0,168,24829.452394
134.0,152,24843.02896
139.0,206,24861.565206
32.0,35,24864.473512
30.0,33,24867.371759
157.0,177,24883.17443
28.0,31,24886.029791
67.0,70,24892.47093
80.0,146,24905.486232
26.0,29,24908.310633
126.0,165,24923.417239
28.0,31,24925.666589
28.0,31,24928.546879
36.0,39,24932.104226
27.0,30,24934.896716
90.0,96,24942.710448
30.0,33,24947.10275
27.0,30,24949.56586
128.0,151,24961.401927
28.0,31,24963.887806
27.0,30,24965.851769
30.0,33,24968.388478
32.0,36,24971.445466
33.0,37,24974.505437
26.0,29,24976.437576
69.0,78,24982.642127
36.0,39,24985.716507
76.0,89,24992.564966
80.0,111,25001.33759
76.0,81,25007.620139
35.0,38,25010.681885
72.0,75,25016.297425
130.0,202,25032.385098
30.0,33,25034.959153
153.0,181,25049.234089
31.0,34,25051.728945
31.0,34,25054.751025
27.0,30,25056.705684
31.0,34,25059.731429
29.0,32,25062.182569
120.0,147,25073.380419
29.0,32,25075.844258
68.0,71,25081.43137
91.0,96,25088.866898
87.0,92,25095.711712
130.0,146,25107.350767
30.0,33,25109.828198
29.0,32,25112.291912
28.0,31,25114.706052
84.0,138,25125.186379
31.0,34,25127.680359
118.0,124,25138.117995
31.0,35,25140.617358
31.0,35,25143.157834
31.0,34,25146.175453
33.0,37,25148.710712
144.0,254,25168.626077
222.0,276,25189.860458
99.0,173,25203.381578
31.0,34,25205.865658
226.0,349,25233.058836
29.0,32,25235.559389
126.0,141,25246.670468
66.0,69,25251.689371
29.0,32,25254.175599
32.0,36,25257.198264
77.0,82,25263.416522
31.0,36,25265.951211
65.0,71,25271.495726
31.0,34,25274.489636
63.0,71,25279.627591
76.0,83,25286.427182
29.0,32,25288.913204
35.0,38,25291.999022
28.0,31,25293.975033
29.0,32,25296.452351
29.0,32,25298.93761
102.0,150,25310.776058
140.0,219,25328.254845
159.0,200,25343.887395
93.0,141,25354.482535
29.0,32,25356.93079
142.0,161,25369.22834
88.0,145,25380.346942
28.0,31,25382.804847
126.0,171,25396.310725
31.0,34,25398.843329
29.0,32,25401.307555
77.0,82,25407.598432
137.0,241,25426.079288
144.0,190,25440.931123
75.0,78,25447.096666
26.0,29,25449.02987
80.0,98,25457.160967
101.0,162,25469.692743
30.0,33,25472.171243
127.0,154,25483.939188
69.0,82,25490.767369
28.0,31,25492.723658
305.0,341,25519.385744
28.0,31,25521.869395
88.0,99,25529.675716
29.0,32,25532.179296
28.0,31,25534.941061
158.0,187,25550.036316
128.0,157,25562.346475
29.0,32,25564.834427
128.0,162,25577.359977
156.0,162,25590.243172
29.0,32,25592.725517
154.0,215,25609.560186
85.0,177,25623.269299
130.0,275,25644.260801
153.0,211,25660.517174
29.0,32,25663.049739
69.0,90,25670.364192
27.0,30,25672.273433
69.0,72,25677.8343
132.0,244,25696.965042
136.0,163,25709.409921
122.0,222,25726.808922
31.0,35,25729.36088
31.0,34,25732.350585
101.0,146,25743.558234
73.0,79,25749.717993
29.0,32,25752.200006
30.0,33,25754.688263
80.0,142,25765.843148
28.0,31,25768.298765
28.0,31,25770.274861
27.0,30,25772.758021
122.0,177,25786.44217
29.0,32,25789.144295
82.0,95,25796.862617
27.0,30,25799.536686
33.0,36,25802.507696
27.0,30,25805.3471
28.0,31,25808.21941
30.0,33,25811.1147
28.0,31,25814.14842
28.0,31,25817.014682
87.0,121,25827.855669
30.0,33,25830.792809
29.0,32,25833.700025
89.0,134,25846.069706
107.0,146,25859.092856
28.0,31,25861.968161
117.0,156,25876.41778
31.0,34,25879.35887
123.0,172,25894.54427
28.0,31,25897.426516
31.0,34,25900.309836
32.0,35,25903.786496
167.0,246,25926.352476
28.0,31,25928.683243
28.0,31,25931.581481
150.0,193,25949.713969
28.0,31,25952.581299
130.0,198,25970.644471
30.0,35,25973.589549
151.0,170,25989.388713
28.0,31,25992.247062
122.0,164,26006.76421
94.0,132,26019.227445
87.0,198,26036.802622
28.0,31,26039.670945
171.0,232,26059.085235
29.0,32,26061.588319
29.0,32,26064.090163
31.0,34,26066.634684
27.0,30,26069.129468
30.0,33,26071.630551
33.0,36,26074.710276
33.0,36,26077.290251
29.0,32,26079.820251
31.0,34,26082.889331
35.0,38,26085.506729
74.0,80,26091.765041
83.0,89,26098.648856
29.0,32,26101.136714
30.0,33,26104.154861
157.0,210,26120.537252
127.0,234,26138.697646
139.0,182,26153.178015
33.0,36,26155.754974
120.0,145,26167.116765
130.0,202,26183.416713
124.0,230,26200.913558
32.0,35,26203.918587
78.0,85,26210.198307
69.0,84,26216.998118
122.0,147,26228.244489
136.0,172,26241.787678
152.0,211,26257.893902
28.0,31,26260.358259
30.0,33,26262.894585
28.0,31,26265.359545
102.0,150,26277.236478
28.0,31,26279.803129
29.0,32,26282.277146
28.0,31,26284.741016
30.0,33,26287.270309
26.0,29,26289.19725
27.0,30,26291.649083
28.0,31,26294.121317
28.0,31,26296.587353
37.0,40,26299.7263
27.0,30,26302.170186
148.0,193,26317.117829
30.0,33,26319.618892
95.0,148,26330.858248
28.0,31,26333.336254
100.0,177,26347.982282
104.0,158,26360.729401
28.0,31,26363.208368
27.0,30,26365.759429
159.0,181,26379.598133
27.0,30,26382.054494
29.0,32,26384.570128
27.0,30,26387.024148
29.0,32,26389.556052
123.0,139,26400.481342
72.0,90,26407.456046
130.0,227,26425.413827
32.0,35,26427.958932
31.0,34,26430.483476
138.0,199,26446.107171
29.0,32,26448.604972
85.0,89,26455.547564
140.0,187,26470.524117
28.0,31,26472.973141
131.0,215,26489.80298
149.0,158,26501.733157
126.0,213,26518.613494
72.0,88,26525.522465
81.0,100,26533.082668
28.0,31,26535.605824
130.0,239,26554.283055
92.0,151,26566.166898
117.0,154,26578.055783
91.0,156,26590.517787
30.0,33,26593.046055
70.0,78,26599.324209
26.0,29,26601.279417
28.0,31,26603.757284
65.0,68,26609.294669
27.0,30,26611.259708
31.0,36,26614.316659
29.0,32,26616.816809
28.0,31,26619.292232
109.0,165,26632.068487
29.0,32,26634.576347
98.0,146,26646.646386
67.0,77,26652.39337
79.0,84,26659.268492
28.0,31,26661.760089
168.0,242,26680.728341
120.0,194,26695.903572
117.0,143,26707.21241
134.0,203,26722.969003
29.0,34,26726.030517
29.0,32,26728.559602
27.0,30,26730.551266
125.0,162,26743.693135
27.0,30,26745.682007
128.0,162,26760.657015
27.0,30,26762.626719
167.0,186,26777.868299
28.0,31,26780.368318
28.0,31,26782.357635
28.0,31,26784.914027
28.0,31,26787.424327
135.0,164,26800.534165
138.0,156,26812.739725
29.0,32,26815.24605
127.0,151,26827.332531
29.0,32,26829.895382
66.0,69,26835.584665
127.0,264,26856.78235
128.0,174,26876.058973
156.0,192,26903.410812
176.0,213,26921.339495
118.0,179,26935.889807
26.0,29,26938.394904
129.0,152,26949.411297
28.0,32,26951.50041
98.0,210,26965.964871
139.0,160,26980.417579
168.0,220,26999.497253
132.0,170,27013.323249
154.0,197,27026.542315
120.0,137,27035.520327
198.0,234,32312.01524
149.0,214,32334.739488
99.0,188,32356.033498
27.0,30,32361.058489
29.0,32,32365.526532
29.0,32,32369.862927
98.0,173,32390.376837
30.0,33,32394.065963
78.0,106,32403.712183
157.0,297,32433.488016
89.0,156,32448.422418
112.0,147,32461.685957
147.0,172,32478.597761
29.0,32,32481.832743
28.0,31,32484.17009
30.0,33,32487.752504
115.0,135,32499.543945
28.0,31,32502.414224
35.0,38,32506.022608
162.0,170,32521.371625
112.0,116,32533.580911
29.0,32,32536.532653
92.0,128,32548.207258
28.0,31,32551.789712
71.0,75,32558.608423
69.0,81,32565.986892
76.0,101,32575.459545
78.0,130,32587.177192
98.0,179,32603.579317
29.0,32,32606.537353
67.0,70,32613.18214
27.0,30,32616.324276
